stadion_name,name,rating,review
Stadion Citarum,Aditya Wibowo,5.0,"Good stadium, for healthy life and for fun match"
Stadion Citarum,Abram Adityawarman,5.0,"Good stadiums, nice manajemen"
Stadion Citarum,Ayu Rizki Oktavia,5.0,Nice place to playing football. You can also booked with photographers.
Stadion Citarum,Lizz,5.0,oceeyyy
Stadion Citarum,Siti Sarofah,5.0,It's ok
Stadion Citarum,Budenk Budianto,4.0,Parking area not comfortable
Stadion Citarum,Mochtar Affandy,5.0,Ok
Stadion Citarum,Mas ito,5.0,Welcome SYS
Stadion Citarum,abdul azis,5.0,Nice
Stadion Citarum,ichal suit suit,5.0,codcod
Stadion Citarum,Dendy,5.0,Legendary
Stadion Citarum,Dwy Julianto,5.0,Ok
Stadion Citarum,Yunita Widayanti,5.0,Good
Stadion Citarum,Lek Puin_pbm,5.0,Sip
Stadion Citarum,Najib Hakim,4.0,Nice
Stadion Citarum,Ilham06 Offical,5.0,Good
Stadion Citarum,Myra Elian Nidyasrinda,5.0,Friendly
Stadion Citarum,Afrizal Tedjakoesoema,2.0,To much rubber granule
Stadion Citarum,Bambang Wibowo,5.0,Almost veryday I visit here..
Stadion Citarum,Pino Betet,5.0,Nice
Stadion Citarum,fajar satrio,5.0,nice and the best
Stadion Citarum,D06 - Okta Pratama,5.0,Good stadium
Stadion Citarum,Daniel Abednego,5.0,PSIS LEGEND ON FIRE !!
Stadion Citarum,Ponox Ondhe,5.0,Class
Stadion Citarum,Rafa Anggara,5.0,Good
Stadion Citarum,Kwee Lian,4.0,Not bad
Stadion Citarum,Salbi El Maliki,5.0,Niceeeeee.......
Stadion Citarum,Evi Wijaya,5.0,Stay healthy!
Stadion Citarum,Lilik Wardono,3.0,Need more Maintenance for Field Soccer
Stadion Citarum,Levi Fenella Athalia,5.0,top
Stadion Citarum,Faizal Imam Mutaqin,5.0,Good
Stadion Citarum,oktario hendra,5.0,Ok
Stadion Citarum,Muhammad Hammam Khathibi (Ham's),5.0,üòÇ
Stadion Citarum,Unto Tjahjono,4.0,Not bad
Stadion Citarum,Arief Widjanarko,4.0,Nice place to work out
Stadion Citarum,Rofiq Benny,5.0,luass
Stadion Citarum,uncle samt,5.0,"amazing,like a stadium"
Stadion Citarum,henry ginanjar,3.0,Nice seats there
Stadion Citarum,Fa Close House,4.0,Ok
Stadion Citarum,joenay kjb,5.0,Good stadium
Stadion Citarum,Erunesu sama,4.0,Not very accomodative
Stadion Citarum,Hani Sajogo,4.0,Awesome
Stadion Citarum,Suyanto,5.0,Good
Stadion Citarum,Ardi Bogel,5.0,fun football
Stadion Citarum,Labennea Matta,5.0,Nice
Stadion Citarum,handri tsa,4.0,Need some renovations
Stadion Citarum,henry luston,2.0,Stadion that located in semarang
Stadion Citarum,Chairil ZM,4.0,Good
Stadion Citarum,Khoirul Muslim,4.0,Jozzz
Stadion Citarum,Erwinsyah Heriyanto,4.0,Ok
Stadion Citarum,Asep Fajar,5.0,Ok
Stadion Citarum,Ali Saifudin,5.0,Ok
Stadion Citarum,Apriyani Santoso,5.0,Ok
Stadion Citarum,Adi Prasetiyo,5.0,Good
Stadion Citarum,Yogi Prabowo,4.0,Good enough
Stadion Citarum,Hario Bima,5.0,Nice
Stadion Citarum,Jalilrc,5.0,Wonderful
Stadion Citarum,Ryan Putera,4.0,Good
Stadion Citarum,Slamet Sudiyanto,4.0,Top
Stadion Citarum,Iman Setiyari,5.0,Psis
Stadion Citarum,Yanuar Dhuma,3.0,Good enough
Stadion Citarum,David Ricky Gunawan Putra,5.0,Enjoy
Stadion Citarum,al amin,1.0,Nice
Stadion Citarum,Vania Syaqila,5.0,football
Stadion Citarum,muhammad rizky raditya ardhani,5.0,Psis
Stadion Citarum,dans signora1897,5.0,International class
Stadion Citarum,Muntoha R U,5.0,Heritage
Stadion Citarum,Andre Photo,4.0,Stadium football
Stadion Citarum,ahmad zainal,5.0,recommendation
Stadion Citarum,Ridwan Kusuma,4.0,Legend üòÅüòÅüòÅ
Stadion Citarum,MartTV TakeMeOut,3.0,"(Translated by Google) 3 stars because it doesn't care about visitors, the toilet is cramped.... The green field let the football players comment. They understand better (Original) Bintang 3 karena tidak mementingkan pengunjung, toilet kemproh.... Lapangan hijau biar para pemain bola yang komentar. Mereka lebih paham"
Stadion Citarum,Muhammad Zacky,5.0,"(Translated by Google) Synthetic field stadium in the city of Semarang, good quality is often used as a place for sparring and training for the general public and the PSIS Semarang team (Original) Stadion lapangan sintetis di kota Semarang, kualitas bagus sering dijadikan tempat sparing dan latihan masyarakat umum maupun team PSIS Semarang"
Stadion Citarum,Dian Permana,3.0,"(Translated by Google) For the field of artificial grass, it's pretty good. At night there is also a light, only there must be repairs. In terms of facilities such as bathrooms, places of worship may have to be addressed. (Original) Untuk lapangannya dari rumput sintetis, lumayan bagus. Malam hari juga ada lampunya, cuman harus ada perbaikan. Dari segi fasilitas sperti kamar mandi, tempat ibadah mungkin harus d benahi."
Stadion Citarum,Bang Moen,4.0,"(Translated by Google) In front of the stadium there is a morning market every Sunday. At 6 am already at the title of their respective stalls. Sometimes on certain mornings there is an exercise group in the parking area. For those whose SIM is about to expire, don't worry. Come here at 7 am every Monday-Saturday (because the quota is limited), prepare an fc ID card and fc driver's license, fill out forms, psychological tests, medical tests and after the officers come wait for the call to take a photo of the driver's license. Shhh... there's a ""fast track"" you know. For those who want to take care of extending the validity period of their vehicle registration, you can also come here every Monday-Wednesday, from 9 to 12. (Original) Di depan stadion ada pasar pagi setiap hari Minggu. Jam 6 pagi sudah pada gelar lapak masing-masing. Kadang pada pagi hari tertentu ada grup senam di area parkirnya. Buat yang SIM nya mau habis masa berlakunya, jangan kuatir. Datanglah ke sini jam 7 pagi tiap Senin-Sabtu (sebab kuota terbatas), siapkan fc KTP dan fc SIM, isi formulir, tes psikotes, tes kesehatan dan setelah petugas datang nunggu panggilan untuk foto SIM. Sstt... ada ""jalur cepatnya"" lho. Buat yang mau mengurus perpanjangan masa berlaku STNK kendaraannya, bisa datang juga ke sini tiap Senin-Rabu, jam 9 sampai jam 12 aja."
Stadion Citarum,Riky Andriyan,5.0,"(Translated by Google) Joss mazzeehh lapangan field quality The only minus is the quality of the toilet, you still have to bring your own water due to the drought Please fix it mazzeeh (Original) Kualitas lapangan joss mazzeehh Minus hanya kualitas toilet masi haru bawa air sendiri dikarenakan terkena kekeringan üòÑ Dimohon agar bisa diperbaiki mazzeehh"
Stadion Citarum,RIPTO IMAM CHAHYONO,4.0,"(Translated by Google) For stadium grass, the gasket is good in Semarang, for supporting facilities, namely toilets, bathrooms, especially the east tribune, it is very worrying. (Original) Untuk rumput stadion paking bagus di semarang, untuk fasilitas penunjang yaitu toilet , kamar mandi khusunya tribun timur sangat memprihatinkan."
Stadion Citarum,Soeka Jalan,4.0,"(Translated by Google) Artificial grass field Feels like playing football on the futsal field because usually playing on dirt or grass fields Bathroom/bathroom facilities need to be cleaned up Arranging the parking area to make it look attractive and neat Maybe the gutter near the field needs to be closed, the smell is pretty bad, especially when you're done playing, in an out of breath position In and out of the team using the field in an orderly manner, so if you come too soon it will ""stick"" before the rented hour And it's really good (Original) Lapangan rumput sintetis Berasa maen sepakbola di lapangan futsal karena biasanya maen di lapangan tanah atau rumput Fasilitas kamar mandi / mandi perlu ditingkatkan kebersihan nya Penataan area parkir agar terlihat menarik dan rapi Mungkin got di dekat lapangan perlu ditutup, baunya lumayan bikin muntah apalagi kalo habis maen, dengan posisi ngos-ngosan Keluar masuk tim yang memakai lapangan tertib jd bila datang terlalu cepat maka akan ""ngemper"" sebelum jam yang disewa Dan ini sangat bagus"
Stadion Citarum,Indra Widya Merdiawan,3.0,"(Translated by Google) Lack of attention to the stadium,, Many paint conditions have started to come off.. üôèüèª 01/07/2022 (Original) Stadion Kurang Diperhatikan,, Kondisi Cat Banyak yang sudah mulai lepas.. üôèüèª 01/07/2022"
Stadion Citarum,jaka sembung,5.0,(Translated by Google) Crowded at soccer practice....inter-club matches....on buying PSIS tickets (Original) Ramai pada latihan sepak bola....pertandingan antar club....pada beli tiket PSIS
Stadion Citarum,Habib Febriansyah,5.0,(Translated by Google) The stadium with the best artificial turf in the city of Semarang. PSIS training ground. The rental price is around 2-3 million per 2 hours. There is a prayer room on the inside. (Original) Stadion dengan rumput sintetis terbaik di kota semarang. Tempat latihan PSIS. Harga sewanya sekitar 2-3jt per 2 jam. Ada musola di bagian dalam.
Stadion Citarum,zainal fadholi,5.0,"(Translated by Google) For the cheapest stadium rental rates are at 11-2 in the afternoon. The most expensive tariff is at night because 4 lights in each corner must be on. And prices on weekdays and weekends are different. Synthetic grass makes you comfortable when competing. Around the stadium there are also many food and drink sellers so don't worry about your stomach. When I was there, I forgot not to take a photo of the rental rate, so the information above is what I still remember, hehe. (Original) Untuk tarif sewa stadion paling murah berada di pukul 11-2 siang. Tarif paling mahal saat malam hari karena 4 lampu disetiap sudut harus menyala. Dan harga di hari biasa dan akhir pekan berbeda. Rumput sintetis bikin nyaman saat bertanding. Di sekitar stadion juga banyak penjual makanan dan minuman jadi jangan khawatir soal perut ya. Waktu disana saya lupa tidak memfoto tarif sewanya jadi keterangan diatas yang masih saya ingat hehe."
Stadion Citarum,Sahiq Asrofi,5.0,"(Translated by Google) Jossss Citarum Stadium. Spacious parking facilities, lots of shops around the stadium, solid synthetic field but if possible the ball is clean white to make it look bright. The ball I had yesterday wasn't bright at all. Really good Citarum Studium. Keep moving forward Indonesian football. PSSI live (Original) Stadion citarum Jossss. Fasilitas Parkir luas, banyak toko di sekitar stadion, lapangan sintetis mantap tapi kalo bisa bola nya yang putih bersih agar kelihatan cerah. Bola yang saya kemaren gak terang sama sekali. Mantap pokoknya Citarum Studium. Maju terus sepakbola indonesia. PSSI hidup"
Stadion Citarum,Mas Riyanto,4.0,"(Translated by Google) For the Citarum Stadium class... The management is not professional (still a bit). Could it be because it's still a pandemic...??? I also do not know. There are still many stands that are already ugly, with many field tenants, hopefully in the future it can be repaired. Bravo PSIS... Bravo wong Semarang...!!! (Original) Untuk sekelas stadion citarum... Pengelola kurang profesional ( masih alakadarnya ). Apa mungkin karena masih pandemi...??? saya juga tidak tahu. Masih banyak tribun yang sudah jelek, dengan banyaknya penyewa lapangan semoga kedepan bisa diperbaiki. Bravo PSIS... Bravo wong Semarang...!!!"
Stadion Citarum,Abdul Furqon,4.0,(Translated by Google) The field is now better than it was before it was repaired. And very well taken care of (Original) Lapangan sekarang lebih baik dari pada dulu sebelum di perbaiki. Dan sangat terawat
Stadion Citarum,Wahyu Priyansah,5.0,"(Translated by Google) The pride of the city of Semarang stadium, artificial turf, good, the stands are quite spacious, parking is wide, hopefully the quality is maintained, hopefully the high rental price is accompanied by improvements and maintenance of the stadium to make it even better (Original) Stadion kebanggan kota Semarang, rumput sintetis, bagus, tribun cukup luas, parkir luas, semoga kualitasnya tetap dijaga, semoga harga sewa yg cukup tinggi dibarengi dengan pembenahan dan perawatan stadion agar semakin bagus"
Stadion Citarum,Tigajutaempatratus Cash,4.0,(Translated by Google) The stadium is good for playing... Fun Games are also okay... (Original) Stadion nya enak buat main ... Fun Game juga oke...
Stadion Citarum,Faisal Hasyim,4.0,"(Translated by Google) The field is nice. It's just that the hours must be in order according to the schedule. It can't be like other stadiums, it can take a while to take photos first (Original) Lapangannya enak. Cuma utk jam harus tertib sesuai jadwal. Gabisa kaya stadion yg lain bisa agak lama foto2 dulu"
Stadion Citarum,Sugeng Raharjo,5.0,(Translated by Google) please take care of the grass...... not comfortable for playing ball..... too busy schedule for use (Original) tolong dong rumputnya dirawat...... kurang nyaman buat main bola..... terlalu padat jadwal pemakaiannya
Stadion Citarum,Imam Mutaqin,4.0,"(Translated by Google) The place is nicer than before. From the start of entering the stadium, health protocols have been implemented. Synthesis grass stadium grass. Comfortable for running. Suggestions if you play here, don't play in broad daylight, the heat is sorry. There are toilets, prayer rooms, changing rooms. Anyway, it gets better and better after replacing it with synthetic grass. (Original) Tempatnya lebih bagus dari sebelumnya. Dari awal masuk stadion sudah diterapkan protokol kesehatan. Rumput stadion rumput sintesis. Nyaman kalau buat berlari. Saran kalau maen disini jangan pas siang bolong, panasnya minta ampun. Terdapat toilet, mushola, kamar ganti. Pokoknya tambah lebih bagus dan baik setelah diganti dengan rumput sintesis."
Stadion Citarum,Fathur Al-Ghifari,5.0,"(Translated by Google) Good stadium, synthetic grass, stands, also good, there is no minus in that aspect But for now this pandemic is a little uncomfortable because it is only limited to those who enter the stadium, they cannot bring their family or others except those who play. I happened to be from the Jakarta tour semarang Club Fatahillah, North Jakarta (Original) Stadion yg bagus, rumput sintesis, tribun, juga baik tidak ada minus dari segi itu Namun untuk sekarang pandemi ini aga sedikit kurang nyaman karna hanya dibatasi yg masuk ke stadion tidak bisa ajak keluarga atau yg lain kecuali yg main. Kebetulan saya dari jakarta tour semarang Club Fatahillah Jakarta Utara"
Stadion Citarum,Muslimah Lim,4.0,"(Translated by Google) Not bad, but please fix the worship facilities and public toilets.. (Original) Lumayan lah tapi mohon diperbaiki fasilitas ibadah dan toilet umum nya.."
Stadion Citarum,Wintaka Ari Bawa,4.0,"(Translated by Google) The stadium has been recently renovated and uses synthetic grass on the surface of the field. Single seat seats in the western stands are still too tight in my opinion. It is quite difficult if you want to walk past a bench that has been occupied by other spectators because the space is only really for legroom when sitting alone. Then the supporting pillars also block the view towards the field. Many people want a stadium without a running track, but I am not comfortable watching a match in a stadium without a running track because players who run on the sides of the field are not clearly visible due to obstruction of the guardrail. But as much appreciation to the city government of Semarang and Central Java as they have tried to improve the facilities in this Citarum stadium. (Original) Stadion yang baru direnovasi dan menggunakan rumput sintetis pada permukaan lapangan. Kursi single seat di tribun barat masih terlalu mepet menurut saya. Cukup kesulitan apabila ingin berjalan melewati bangku yang sudah diduduki penonton lain karena space yang ada hanya benar2 untuk ruang kaki ketika duduk saja. Kemudian pilar2 penyangga juga menghalangi pandangan ke arah lapangan. Banyak yang menginginkan stadion tanpa track lari, namun saya justru kurang nyaman menyaksikan pertandingan di stadion tanpa track lari karena pemain yang berlari di sisi pinggir lapangan tidak terlihat jelas akibat terhalang pagar pembatas. Tapi apresiasi sebesar-besarnya kepada pemerintah kota Semarang dan Jawa tengah karena sudah berusaha memperbaiki fasilitas di stadion Citarum ini."
Stadion Citarum,Rina A,4.0,"(Translated by Google) The stadium is pretty close to Semarang city center. About 5km from the intersection, with a distance of approximately 15 minutes from the intersection. The stadium building is good and quite maintained. The gate is usually opened when there is an event. The stands are good and have a roof for the west side. The field is arguably the standard. Usually the stadium is used for league competition 3. Around the stadium, many food stalls (especially in front) are quite strategic. (Original) Stadionnya lumayan dekat dari pusat kota semarang. Sekitar 5km dari simpanglima, dengan jarak tempuh kurang lebih 15 menit dari simpanglima. Bangunan stadionnya bagus dan cukup terjaga. Gerbangnya biasanya dibuka pas ada event aja. Tribunnya bagus dan beratap sih untuk sisi barat. Lapangannya bisa dibilang standard. Biasanya stadion ini dipakai untuk kompetisi liga 3. Di sekitar stadion banyak warung warung makan (terutama di depan) cukup strategis sih lokasinya."
Stadion Citarum,Ayah_Al chanel,5.0,(Translated by Google) Psychic training field semarang .. adequate facilities .. nice field with synthetic grass. Easy access .. # 2021balijatidiri (Original) Lapangan latihan psis semarang..fasilitas memadahi..Lapangannya bagus dgn rumput sintetisnya.akses mudah dijangkau..#2021balijatidiri
Stadion Citarum,Tumirah,5.0,(Translated by Google) It's a fun place to hold a tournament (Original) Tempat nya seru buat diadaain tournament
Stadion Citarum,Husna Hilmy Harun,5.0,(Translated by Google) Synthetic field and recommended ... just not maintained clean like a dirty toilet and dead tap (Original) Lapangan sintetis dan rekomended...hanya kurang di jaga kebersihan seperti toilet yg masih kotor dan babyak keran yg mati
Stadion Citarum,Adi Rosanto,4.0,"(Translated by Google) Strategic location still in the city of Semarang..ample parking and lots of food n drinks sold around the stadium n delicious food. Access to Citarum Stadium is very easy and many transportations pass in front of the stadium. This Citarum Stadium is still below the Jatidiri Stadium, so the events used are on the Central Java scale...except in Liga 2. The facilities and facilities are quite good..the grass used is very good and of course the audience stands are very good. (Original) Lokasi strategis msh d dlm kota Semarang..parkir luas dan banyak makanan n minuman yg di jual di sekitar stadion n makanan yg enak2. Akses menuju ke Stadion Citarum sgt mudah n banyak angkutan yg lewat di depan Stadion. Stadion Citarum ini kelasnya msh d bawah Stadion Jatidiri shg even yg di gunakan skala Jateng...kecuali di Liga 2. Sarana n fasilitasnya ckp baik..rumput yg digunakan sgt baik dan tentu dg kursi Tribun penonton sgt bagus."
Stadion Citarum,Laretha Ayu,4.0,(Translated by Google) The place is better.. parking is still difficult on weekends.. the bathroom is very dirty.. (Original) Tempat sudah lebih baik.. parkir masi susah kalo weekend.. kamar mandinya sangat kotor..
Stadion Citarum,FL GMRZ,1.0,"(Translated by Google) Only the grass is good, other facilities are not taken care of. The stands are all dirty, the guards are also like thugs. (Original) Rumput doang yang bagus, fasilitas lain kaga di urus. Tribun kotor semua, yang jaga juga kayak preman."
Stadion Citarum,Avx Zjeconia,4.0,(Translated by Google) Poorly maintained infrastructure...needs good and regular maintenance.. (Original) Infrastuktur kurang terawat... perlu perawatan yg baik n teratur..
Jatidiri Stadium,Muhammad K. Rezza,5.0,This stadium has just been extremely renovated and now it features sophisticated design and facilities. It's gonna be the new pride of Semarang citizen and also PSIS supporters especially.
Jatidiri Stadium,Imam Santosa,5.0,"I actually like this place a lot because it such a huge sport area where there are lots of facilities such as stadium, swimming pool etc. But this particular stadium is huge! It is now under construction and probably within 6 months the whole stadium will be finished for its construction. I like to run there because the one lap around stadium, you will get around 700m. Plus the place is quiet and there are lots of shades. Hopefully the government will add more rubbish bin to encourage people to throw rubbish properly. Whenever there is PSIS Day, this place will be so crowded! I think the local football fans are looking forward to have the renovation and construction done."
Jatidiri Stadium,Thorinio ikhlas Arfasyamukti,5.0,"First game in this place, one word AMAZING!!"
Jatidiri Stadium,Elza Nabila,5.0,"Could‚Äôve been better for the maintenance of their facilities. The swimming pool have 10 standard 50m length lanes and a 5m- deep pol as well. There‚Äôs a cheap and tasty, popular soto stall behind the GOR complex if you want to have your breakfast here."
Jatidiri Stadium,M. Danang Zarkasi,5.0,Soon Will be luxury stadium in central java. This place is wide. Local pride of Semarang city
Jatidiri Stadium,Octavian DP,4.0,"It's actually an awesome stadium and sports complex. However, it's under heavy renovation when I'm here December 2018 as they make the soccer stadium bigger, which ruins the surrounding roads and makes the surrounding buildings rather hard to access, and definitely not suitable for jogging at the moment. Hopefully the construction will be done soon."
Jatidiri Stadium,Hertanto Krismunadi,5.0,"Home Base of PSIS Semarang football club.A good place for playing football, have more facility like jogging track, swimming pool, futsal stadium, volley stadium, basketball stadium etc."
Jatidiri Stadium,Ulik Vengeance,5.0,Welcome Home Again
Jatidiri Stadium,Agatha Kientan,5.0,Football is coming home üíô
Jatidiri Stadium,Anis Widodo,4.0,Keep improving!!! Road Access is big homework.
Jatidiri Stadium,mulyo wahyu,5.0,Lots of memory and now make create new history #YohIsoYoh
Jatidiri Stadium,Adam Maulunana Yahya,5.0,Away Arema 2022
Jatidiri Stadium,Ario Wirawan,4.0,"It's actually an awesome stadium and sports complex. However, it's under heavy renovation when I'm here December 2018 as they make the soccer stadium bigger, which ruins the surrounding roads and makes the surrounding buildings rather hard to access, and definitely not suitable for jogging at the moment. Hopefully the construction will be done soon."
Jatidiri Stadium,ali pikri,5.0,Good
Jatidiri Stadium,Venti Grande,4.0,"Could've been better for the maintenance of their facilities. The swimming pool have 10 standard 50m length lanes and a 5m-deep pool as well. There's a cheap and tasty, popular soto ayam stall behind the GOR complex if you want to have your breakfast here."
Jatidiri Stadium,siti rochanah,5.0,Amazing
Jatidiri Stadium,haksari sulaksana,4.0,Place for children learn how to swim n how to swim faster become athlete ......TCS swim club
Jatidiri Stadium,ratna kurniawan,3.0,There are 5 swimming pool with different depth.. One of this.. Have 50meter length.But rest room is a litle water....entry ticket is 8k mon-friday....10k in sat_holiday
Jatidiri Stadium,Misbah Asror,5.0,Great stadium!
Jatidiri Stadium,David Villanueva,3.0,Stadium is on full renovation. I am sure it will be a great venue for all sports activities when it is in full operation.
Jatidiri Stadium,Laura Boentaran,2.0,"The water is ok, but bathroom are terrible, most are broken, so embarrassing... Sport area but smell burned garbage... NEED ATTENTION ‚ùóÔ∏è‚ùóÔ∏è‚ùóÔ∏è"
Jatidiri Stadium,Muhammad Ridho,5.0,Ok
Jatidiri Stadium,adriel Hartadji,3.0,The water is green but it is still ok
Jatidiri Stadium,Meyta Cahya Wulandari,5.0,"usually used for jogging, swimming etc. This place is also a dormitory for the athletes of Central Java, the place is very wide and and commonly used for sports competitions"
Jatidiri Stadium,Dono Kasino,5.0,Smrg is wonderful
Jatidiri Stadium,Aris Jajar,5.0,Oküëçüëç
Jatidiri Stadium,Syahrizal Emil,5.0,Awsome
Jatidiri Stadium,boentoro kamara,5.0,I think better move another location because access to stadion too small
Jatidiri Stadium,panji rizqi,5.0,JOSSSS
Jatidiri Stadium,AZZA ALIFA MUHAMMAD,2.0,"Stadion is not in good condition, more repairs could make it better . . ."
Jatidiri Stadium,REM3D,4.0,"it was nice, there are many buildings being built. a good place to play"
Jatidiri Stadium,Firman Widya,5.0,Its cooming home
Jatidiri Stadium,firda asrina,3.0,The pools are wide but maybe you should add the shallow pool for children
Jatidiri Stadium,Irjan Aripin,5.0,Good
Jatidiri Stadium,Richard Surya,3.0,"I couldnt said it ok because it still on renovation , but yeah .. please take a walk on there"
Jatidiri Stadium,Lucu Atau Bodoh?,1.0,"It doesn't even look like a stadium at all, poorly maintained & dirty as hell."
Jatidiri Stadium,Kusuma Ratu,3.0,Nice place for swimming....jogging..... Refresh air ambient
Jatidiri Stadium,jasa kirim hewan anacargo,5.0,Hub 082227444883
Jatidiri Stadium,Ikhlasul Amal,5.0,Great Stadiums with amazing Fans Atmosphere#PSIS#SNEX
Jatidiri Stadium,Laga Erlangga,4.0,"Under constructions, hope the new one has a good facilities"
Jatidiri Stadium,Hari Laksono,5.0,Good for doing sport activity there
Jatidiri Stadium,mutia Qori,5.0,This place full of memories. And place where atlet start their carier.
Jatidiri Stadium,Begula,3.0,"Great stadium, but it looks really dirty"
Jatidiri Stadium,Dwi Basuki Nugroho,5.0,Luxury stadium
Jatidiri Stadium,heru joneth,5.0,Sip
Jatidiri Stadium,Janice Sugatan,3.0,It's a place wherebyou can exercise but needs improvement.
Jatidiri Stadium,prasaja mukti,3.0,"Great sports venue, but dirty and full of gravity."
Jatidiri Stadium,Aegyari Mukti Wibowo,4.0,Nribun ndessss. Psis jayaaaaa
Jatidiri Stadium,Handana Nurul,5.0,Nice
Jatidiri Stadium,Adisunu Atmadi,2.0,Football and sport arena but not well maintained
Jatidiri Stadium,Eliya Hayu,4.0,"Moderate to swim, foot ball, and clean"
Jatidiri Stadium,Rozy Zzx,4.0,"Lack of road sign, and kind of dirty..."
Jatidiri Stadium,Febriano Nugraha (Dio),4.0,Best place for doing sport.
Jatidiri Stadium,Adi Prasetyo Soenarto,5.0,Awesome public sport facilities
Jatidiri Stadium,Adi Prasetyo Soenarto,5.0,Awesome public sports facilities
Jatidiri Stadium,Rifqy Aditama,5.0,Get merited gfs e
Jatidiri Stadium,aldo kauntuL,4.0,The Next great stadium central java
Jatidiri Stadium,Kher Riten,5.0,Excellent place training kids
Jatidiri Stadium,David Fendi Nugroho,4.0,Pokestop and gym available here
Jatidiri Stadium,Rofiq Ahmad,4.0,"Nice place, quiet sometimes"
Jatidiri Stadium,Algustionesa Yoshi,4.0,On process of construction
Jatidiri Stadium,tabitha tyas,5.0,Place for me to do some sports
Jatidiri Stadium,Yudha A Setyawan,4.0,nice stadium in semarang
Jatidiri Stadium,Hendro Hp,5.0,Good job
Jatidiri Stadium,Andhika Rafli Pratama putra,5.0,Psis top
Jatidiri Stadium,nuke ayundria,5.0,Good place for swimming
Jatidiri Stadium,Jazirotul Ummah,4.0,2022 WC bidding Indonesia
Jatidiri Stadium,aidi raezka,3.0,It's okay
Jatidiri Stadium,axl mezaluna,5.0,Aim gj
Jatidiri Stadium,Siti Hajar Rahmawati,5.0,I burn my fat here
Jatidiri Stadium,Muhammad Jafar Sidiq Fatoni,4.0,Top
Jatidiri Stadium,Rio Yudhanto,5.0,Soon will be better
Jatidiri Stadium,Josephine Kusumo,4.0,Nice for getting exercise
Jatidiri Stadium,ritendra kher,5.0,Excellent sport complex
Jatidiri Stadium,ruddy wijaya,5.0,Bigest stadium at semarang
Jatidiri Stadium,dragdane razor,4.0,Love it best one
Jatidiri Stadium,Iqbal Syaifurrahman,5.0,cool place to sports
Jatidiri Stadium,Delly Kertiyasa,3.0,muddy and yet hot
Jatidiri Stadium,Valentinus Evan,5.0,PSIS ale
Jatidiri Stadium,chafidlulloh Spt,5.0,Let's play football
Jatidiri Stadium,Santie Arfia,5.0,A place where i growth up
Jatidiri Stadium,Putri Ariesta,5.0,Toop..
Jatidiri Stadium,Nina Fakhrutsina,4.0,Still under construction
Jatidiri Stadium,Coklat Praline,5.0,Ok
Jatidiri Stadium,Yustin Refliano,5.0,Love PSIS üíô
Jatidiri Stadium,Wasiat Salim,5.0,Hood complete facilities
Jatidiri Stadium,Katarina Keket,4.0,Proud !
Jatidiri Stadium,Nayanika Project,5.0,Psis semarang home base
Jatidiri Stadium,ichsan christianto,4.0,Gooll
Jatidiri Stadium,aldrick zayn,5.0,Renov
Jatidiri Stadium,agung berli,5.0,good
Jatidiri Stadium,Sekar Dipa,5.0,ok
Jatidiri Stadium,moh nasruddin,5.0,Iy
Jatidiri Stadium,Clifton Piontek,5.0,nice
Jatidiri Stadium,Daniel Agung Ujianto,5.0,Nice and wide...
Jatidiri Stadium,cornelius danu,5.0,Good
Jatidiri Stadium,BEARZNARD,5.0,Fantastic
Jatidiri Stadium,Aszariwonn setiawan,5.0,Nice
Jatidiri Stadium,yoga candra,4.0,Good
Jatidiri Stadium,Irsya Rifairi,4.0,I LOVE PSIS
GKI Stadion Semarang,Galen Luhur,5.0,"For those of you who are searching for a blended worship style, GKI stadion is the place for you to go. A presbyterian church denomination with a great architecture. Fyi I was baptized there too!"
GKI Stadion Semarang,linda kumalasari,5.0,"Good place, good location. The service room are spacious with a great design. The design make the sound great, just like a concert hall. The musical instrument also great, there is a grand piano. You can borrow bible here. Family friendly too, they have a baby room so we can go inside the baby room if we have baby or kids, so we will not disturb others."
GKI Stadion Semarang,Novita Sari,5.0,The admin and pastors are very welcome and so helpful üòä
GKI Stadion Semarang,Yosua Wibisono,5.0,"Nice Community, Nice fellowship"
GKI Stadion Semarang,Yuliawati Yuliawati,5.0,"Nice building, warm people, best atmosphere"
GKI Stadion Semarang,D S,5.0,"Nice church, friendly congregation."
GKI Stadion Semarang,HAPPY CHINESEÂø´‰πê‰∏≠Êñá,5.0,A place to grow with Christlike brothers and sisters.
GKI Stadion Semarang,Linda Sunarti,1.0,bad üëé
GKI Stadion Semarang,Yohanes Purnomo,5.0,Nice
GKI Stadion Semarang,Febe Arifiani,5.0,Getting closer with God....
GKI Stadion Semarang,Titis_Fadill Kristanti,5.0,Good
GKI Stadion Semarang,Jantika jantika,5.0,Familiar
GKI Stadion Semarang,Kurniawan Djohari,5.0,Very nice place
GKI Stadion Semarang,Abon Rebon,5.0,(Translated by Google) just snap from outside üôè never logged in (Original) cuma njepret üì∏ dari luar üôè belum pernah masuk
GKI Stadion Semarang,Reny Kurniawan,4.0,"(Translated by Google) Comfortable place of worship. Here also provides a kindergarten and elementary school for our children. The school is called the Trinity Christian School. In this place children are educated to know the Lord Jesus Christ, built character, physical, and insight in the field of science. (Original) Tempat ibadah yang nyaman. Di sini juga menyediakan taman kanak - kanak dan sekolah dasar bagi anak kita. Sekolahnya bernama Sekolah Kristen Tritunggal. Di tempat ini anak - anak dididik untuk mengenal Tuhan Yesus Kristus, dibangun karakter, fisik, dan wawasannya di bidang ilmu pengetahuan."
GKI Stadion Semarang,Patricia Julie,1.0,(Translated by Google) komsel is a place for the Christian community to be a place to gossip with one another (Original) komsel wadah untuk komunitas kristen menjadi wadah bergosip satu dengan yang lain
GKI Stadion Semarang,Chandra Udayana,5.0,(Translated by Google) A Chinese church that can be a reference for Christians to worship and grow (Original) Gereja Tionghoa yang dapat menjadi rujukan bagi umat Kristen dalam beribadah dan bertumbuh
GKI Stadion Semarang,Alice Jane,1.0,(Translated by Google) The assembly was chosen because no one wanted to be in the assembly the pastor knows the word but there is no love (Original) majelisnya dipilih karena tidak ada yg mau jd majelis pendetanya tau firman tetapi tidak ada kasih
GKI Stadion Semarang,Merry Wesna,5.0,(Translated by Google) I went to this church at that time when there was a READY seminar. The church is good. (Original) ke Gereja ini waktu itu pas ada seminar SIAP. Gerejanya bagus.
GKI Stadion Semarang,Senang Baronda,5.0,"(Translated by Google) At first, because I overslept to worship at the church I used to visit. Then I browsed the church schedule around 10 o'clock. I got this church and coincidentally GKI too, but when I arrived at the door I saw the altar and the slideshow in Mandarin. I asked a father and then there was a mother who answered just come in, there is also the language. Come in and join the worship. Really shows the real church. Thank you for accepting me to worship there. God bless (Original) Awalnya karena sy kesiangan untuk beribadah di gereja yang biasa sy kunjungi. Lalu sy browsing jadwal gereja di sekitar jam 10an. Dapatlah gereja ini n kebetulan GKI jg, tp ketika tiba di depan pintu sy lihat altar dan slideshow nya menggunakan bahasa Mandarin. Sy bertanya dgn seorang bapak dan kemudian ada seorang ibu yg menjawab masuk saja ada juga bahasa nya koq. Masuklah sy dan mengikuti ibadah. Benar2 menunjukkan gereja yg sebenarnya. Terima kasih telah menerima sy utk beribadah d sana. God bless"
GKI Stadion Semarang,Indah V,4.0,"(Translated by Google) Came here for the Christmas Eve worship service. the church is really good, very helpful for those who like to speak mandarin. the elders are very friendly we are welcomed, The toilet is very clean by building standards. (Original) Kesini pas perayaaan ibadah malam natal. gerejanya bagus banget, sangat membantu buat yang suka berbahasa mandarin. para penatuanya ramah2 banget kita disambut dengan baik, Toilet bersih banget standard gedung."
GKI Stadion Semarang,Erlangga Galih,5.0,"(Translated by Google) from the building: very modern, comfortable for worship, the sound & audio is really good, the LCD is large both sides, there is a balcony seat too. for disabled people, it is very friendly, there are not many stairs, going up to the building is also available in an elevator (Original) dari bangunannya : sangat modern, nyaman untuk beribadah, sound & audionya bagus banget, lcdnya besar kanan kiri, ada tempat duduk balkon juga. untuk difable sangat ramah nggak banyak tangga, naik ke gedungbya juga tersedia lift"
GKI Stadion Semarang,andre santoso,5.0,"(Translated by Google) The building is relatively new and comfortable. Religious rooms and other facilities such as toilets, libraries, public areas are clean and comfortable. Pros: -Location is easy to reach - Very good cleaning Cons: -The front location of the church is used for Car Free Day events every Sunday morning, so it is a bit difficult to find parking, especially the 4 wheels (Original) Bangunannya relatif baru dan nyaman. Ruangan ibadah dan fasilitas lainnya seperti toilet, perpustakaan, area publik bersih dan nyaman. Pros: -Lokasi mudah dijangkau -Kebersihan sangat baik Cons: -Lokasi depan gereja dipakai untuk acara Car Free Day setiap hari minggu pagi, sehingga sedikit susah dalam mencari parkir khususnya roda 4"
GKI Stadion Semarang,Daniel Arie,5.0,(Translated by Google) A church that is part of the Indonesian Christian Church Synod. Basically this church is a peranakan church. There are fellowship hours that use Mandarin as the language of instruction. The problem for the congregation is the parking lot for 4-wheeled vehicles (Original) Gereja yang menjadi bagian dari Sinode Gereja Kristen Indonesia. Pada dasarnya gereja ini merupakan gereja kaum peranakan. Ada jam persekutuan yang menggunakan Bahasa Mandarin sebagai bahasa pengantar. Yang menjadi kendala bagi jemaat adalah tempat parkir kendaraan roda 4
GKI Stadion Semarang,Eliana Elena,1.0,(Translated by Google) church of judgment(Original)gereja tempat menghakimi
GKI Stadion Semarang,Wahyudi,5.0,(Translated by Google) Good clean service.(Original)Bagus bersih khidmat.
GKI Stadion Semarang,margaretta suir,1.0,(Translated by Google) the assembly is mercenary(Original)majelisnya mata duitan
GKI Stadion Semarang,theo Raymond,4.0,(Translated by Google) the parking lot might have to be increased because it's quite difficult to park but the church's overal is clean (Original) lahan parkir mungkin harus di tingkatkan krena cukup sulit kalo parkir tapi overal bagus gereja nya bersih
GKI Stadion Semarang,Gabriel Gabby,1.0,(Translated by Google) the priest is judgmental(Original)pendetanya suka menghakimi
GKI Stadion Semarang,zoe caesarion,5.0,(Translated by Google) Amazing church. You have to come and enjoy worship at the church GKI stadium. (Original) Gereja yg luar biasa. Anda harus datang dan menikmati ibadah di gereja GKI stadion.
GKI Stadion Semarang,ribut prasetyani,5.0,(Translated by Google) The place of worship is really good. Comfortable and peaceful. (Original) Tempat ibadahnya bagus banget. Nyaman dan memberikan kedamaian.
GKI Stadion Semarang,raulmuhammad farras,5.0,(Translated by Google) A Christian place of worship that is comfortable and beautiful and clean (Original) Tempat ibadahumat kristiani yg nyaman dan indah dan bersih
GKI Stadion Semarang,Vikar Afrian,5.0,üëç
GKI Stadion Semarang,Permana Aji,5.0,(Translated by Google) Those who want to know and want to learn discipleship please come and worship at GKI Stadion (Original) Yg mau tahu dan mau belajar pemuridan silahkan datang dan beribadah di GKI Stadion
GKI Stadion Semarang,Yuniar Damayanti,5.0,(Translated by Google) The place is clean and comfortable. So it is comfortable for worship (Original) Tempatnya bersih dan nyaman. Sehingga nyaman buat beribadah
GKI Stadion Semarang,JProject ARS,5.0,(Translated by Google) Good(Original)Bagus
GKI Stadion Semarang,MasBro,5.0,"(Translated by Google) The legendary GKI in Semarang, there is also a Tri Tunggal Christian Elementary School (Original) GKI yg legendaris di Semarang, ada sekolahnya juga SD Kristen Tri Tunggal"
GKI Stadion Semarang,Firman Tirtawidjaja,5.0,(Translated by Google) After being built this church became even better. (Original) Setelah dibangun gereja ini menjadi lebih bagus.
GKI Stadion Semarang,Elwie Santosa,5.0,"(Translated by Google) The place is spacious, comfortable for worship (Original) Tempatnya luas, nyaman utk beribadah"
GKI Stadion Semarang,Himawan Nugroho,5.0,(Translated by Google) Quiet place to worship (Original) Tempat yg tenang utk beribadah
GKI Stadion Semarang,Ayu Kristanti,5.0,(Translated by Google) There is Mandarin worship. The church is clean and comfortable. (Original) Ada ibadah Mandarin. Gereja bersih dan nyaman.
GKI Stadion Semarang,Lily Setianingrum,5.0,(Translated by Google) The building is nice ..... Welcome to new arrivals (Original) Gedungnya bagus..... Welcome terhadap pendatang baru
GKI Stadion Semarang,Vincent Herdison,3.0,(Translated by Google) The main problem is the parking lot. Car difficult to park (Original) Yang jadi masalah utama adalah lahan parkirnya. Mobil susah parkir
GKI Stadion Semarang,Hari Sutopo,5.0,(Translated by Google) Comfortable enough to worship(Original)Cukup nyaman utk beribadah
GKI Stadion Semarang,The Tiauw Hoe,4.0,(Translated by Google) Make worship more solemn. (Original) Membuat beribadah semakin khusyuk.
GKI Stadion Semarang,Tjiap Pang,5.0,(Translated by Google) The place is comfortably bright and very large. (Original) Tempatnya nyaman terang Dan sangat besar.
GKI Stadion Semarang,hanny susilo,4.0,(Translated by Google) majestic(Original)megah
GKI Stadion Semarang,David Tobias,5.0,(Translated by Google) Clean and tidy(Original)Bersih dan rapi
GKI Stadion Semarang,Dheny Budiono,5.0,(Translated by Google) A comfortable church to worship (Original) Gereja yang nyaman untuk beribadah
GKI Stadion Semarang,Gunawan Candra,5.0,
GKI Stadion Semarang,Dwi Yuni Yuniarti,5.0,(Translated by Google) Some speak Mandarin(Original)Ada yg berbahasa mandarin
GKI Stadion Semarang,hadiyanto utomo,5.0,
GKI Stadion Semarang,SGavin Lin,5.0,(Translated by Google) There are also Chinese prayer times(Original)‰πüÊúâ‰∏≠ÊñáÁ§ºÊãúÊó∂ÊÆµ
GKI Stadion Semarang,dafid WRW,5.0,(Translated by Google) Never entered(Original)Blm pernah masuk
GKI Stadion Semarang,Andra xensie xensie,5.0,(Translated by Google) This church is very beautiful(Original)Gereja ini sangat indah
GKI Stadion Semarang,SIAUW ENG TJAY IKA JAYA,5.0,(Translated by Google) Built to be a blessing(Original)Dibangun untuk menjadi berkat
GKI Stadion Semarang,Johandy Christian Mulyadi,5.0,üôèüôè
GKI Stadion Semarang,Michael Kho,5.0,(Translated by Google) Many memories at GKI Stadium (Original) Banyak kenangan di GKI Stadion
GKI Stadion Semarang,herlina hartanto,5.0,(Translated by Google) cool and clean(Original)dingin dan bersih
GKI Stadion Semarang,Hanny Wulansari Mega Purnawi,4.0,(Translated by Google) Pray with christ amen(Original)Berdoa dengan kristus amin
GKI Stadion Semarang,Dianty Saleh,5.0,(Translated by Google) Okay(Original)Oke
GKI Stadion Semarang,felix santoso (eQuinoX),4.0,(Translated by Google) Indonesian Christian Church(Original)Gereja Kristen Indonesia
GKI Stadion Semarang,Susan Rafael,5.0,
GKI Stadion Semarang,Saefudin,5.0,"(Translated by Google) Good, clean(Original)Bagus,bersih"
GKI Stadion Semarang,Fenny Setiawati,5.0,(Translated by Google) ‚ù§‚ù§‚ù§‚ù§‚ù§‚ù§‚ù§‚ù§(Original)‚ù§‚ù§‚ù§‚ù§‚ù§‚ù§‚ù§
GKI Stadion Semarang,Yohanes Tjayono,5.0,Sipp
GKI Stadion Semarang,Belinda Rosa,4.0,(Translated by Google) Clean(Original)Bersih
GKI Stadion Semarang,Kristina Liem,1.0,(Translated by Google) money church(Original)gereja duit
GKI Stadion Semarang,CLEO_ CAN,5.0,
GKI Stadion Semarang,rita lestari,5.0,
GKI Stadion Semarang,Ma Mo,5.0,
GKI Stadion Semarang,zeiho,5.0,
GKI Stadion Semarang,BIG BOSS,5.0,
GKI Stadion Semarang,Gresy Christina,5.0,
GKI Stadion Semarang,Priyanta Pudja,1.0,
GKI Stadion Semarang,Èô≥Ê≤ôËéâ,5.0,
GKI Stadion Semarang,Yussanto (jashon),3.0,
GKI Stadion Semarang,Siri Wardhana Chandra,5.0,
GKI Stadion Semarang,yohanna w,5.0,
GKI Stadion Semarang,Daniel Chandra,5.0,
GKI Stadion Semarang,Tonny S Lie,5.0,
GKI Stadion Semarang,christine natalia,5.0,
GKI Stadion Semarang,Gerlado Joewono,5.0,
GKI Stadion Semarang,Fenddy Ong,5.0,
GKI Stadion Semarang,Luki Panda,1.0,
GKI Stadion Semarang,Helen Esterina,5.0,
GKI Stadion Semarang,Natanael,5.0,
GKI Stadion Semarang,Sharon Augztine,5.0,
GKI Stadion Semarang,Benjamin Agus J (benjie0205),3.0,
GKI Stadion Semarang,Angga Pradita Saputra,5.0,
GKI Stadion Semarang,Feny Megayana,5.0,
GKI Stadion Semarang,Timotius Widjaja,5.0,
GKI Stadion Semarang,fajar susilo,5.0,
GKI Stadion Semarang,Stanley Adrian,4.0,
GKI Stadion Semarang,Linda Hapendra79,4.0,
GKI Stadion Semarang,Ariska Widodo,1.0,
GKI Stadion Semarang,Agustin Wuryandari,5.0,
GKI Stadion Semarang,Bunga Surya,5.0,
GKI Stadion Semarang,feby feby,5.0,
GKI Stadion Semarang,ABRAHAM CARL TAN CHANNEL,5.0,
Knight Stadium,HERMAN DAMARJAYA,5.0,Best Basketball Arena In Town
Knight Stadium,Madiun Basketball Lyfe,5.0,New stage
Knight Stadium,ahmad haidar,3.0,Big capacity stadium for the size of semarang city... But not clean at all
Knight Stadium,Evita Ismira,4.0,"Great indoor stadium, but not so clean toilet"
Knight Stadium,a12di,4.0,2nd best basketball stadium in semarang
Knight Stadium,samuel triyono,5.0,Well ...good arena
Knight Stadium,michael ismawan,5.0,My fav place
Knight Stadium,Fiqri Al Amin,3.0,Average!
Knight Stadium,Budi Sinaga,3.0,top
Knight Stadium,Danny Gusti Putra Rande,5.0,Unlimited fire
Knight Stadium,Fenny Angesti,3.0,Good
Knight Stadium,Hendra Fw,5.0,Nice
Knight Stadium,E TM (LeBoun13),5.0,Sport complex
Knight Stadium,Sekaran Corp,5.0,"(Translated by Google) We are ready to acquire this sports building, because it has great potential. 12 years ago in 2010 we participated in the DBL competition here, the place is very good, now it seems like it is not managed. who can you contact, is the shareholder still a Karangturi foundation? (Original) Kami siap akuisisi gedung olahraga ini , karena punya potensi besar, 12 tahun yang lalu 2010 pernah ikut kompetisi DBL disini tempt luar biasa bagus, sekarang seperti kurang manage. bisa hubungi siapa ya , pemegang saham apakah masih yayasan karangturi ?"
Knight Stadium,Ali Murtadho,4.0,"(Translated by Google) What's good after the renovation, it's even more beautiful... Only when it rains the field is slippery because it's condensed and the road access is still not good... Hopefully in the future it can be better (Original) Bagus apa lagi setelah di renov tambah cakep... Cuma klo hujan lapangan licin karena ngembun dan akses jln msh kurang bagus... Smoga kedepannya bs jd lbh baik lg"
Knight Stadium,HY. Darlan Sucipto,4.0,"(Translated by Google) Suitable for practice as well as futsal and basketball tournaments, good management. Access to supporters (roads) can be improved again by cooperating with sponsors, the City Government, or people who care about sports. (Original) Cocok untuk latihan maupun turnamen futsal dan basket, Pengelolaan managementnya baik. Akses pendukung (jalan) bisa ditingkatkan lagi dengan menggandeng sponsor, Pemkot, ataupun masyarakat yang peduli kepada olah raga."
Knight Stadium,bayu budi Prasetyo,5.0,"(Translated by Google) Indoor lap, basketball and futsal arena Quite big and spacious, the parking area is also spacious It's just that the road access in the front of the field is always flooded when it rains (Original) Arena lap.Basket dan futsal indoor Cukup besar dan luas , area parkir nya juga luas Hanya saja akses jalan area depar lapangan selalu banjir saat hujan"
Knight Stadium,Sandi Hakim,4.0,"(Translated by Google) The futsal field is nice and comfortable, parking is very spacious, the bathroom door lock is broken, if you play at night/cloudy weather the lights are not bright... (Original) Lapangan futsal bagus dan nyaman, parkir sangat luas, kamar mandi kunci pintunya ada yang rusak, kalo main malam hari/cuaca mendung lampu kurang cerah..."
Knight Stadium,Sidha Lee,5.0,"(Translated by Google) Nice field, but the bathroom is pretty well maintained (Original) Lapangan bagus, tapi kamar mandi lumayan terawat"
Knight Stadium,Rachmanda Setiaji,4.0,"(Translated by Google) It's much better because the floor has been renovated, but sometimes there is still a lot of dust because it directly crosses the pantura street (Original) Jauh lebih bagus karena lantai sdh di renov namun terkadang msh banyak debu karena lgsg berpapasan dengan jl pantura"
Knight Stadium,Raditya Pratama Putra,4.0,"(Translated by Google) Great place, spacious parking(Original)Tempat bagus, parkiran luas"
Knight Stadium,Aditya Ramadhani,5.0,"(Translated by Google) The stadium is nice, but the pitch is not flat.. It's also dangerous for sports (Original) Stadionnya enak, cuma lapangannya gak rata.. Bahaya juga buat Olahraga"
Knight Stadium,si didik,5.0,(Translated by Google) Cm need a little more lighting for the field to the right of the entrance. Thank you... üôèüôèüôè (Original) Cm perlu tambahan sedikit penerangan lagi utk lapangan yg sebelah kanan dari arah pintu masuk. Matur nuwun... üôèüôèüôè
Knight Stadium,Dimas Ramadhan99,2.0,"(Translated by Google) Expensive price, dead water, no ball Do you sell air too? Give 2 stars because the field is okay (Original) Harga mahal,aer mati,gaada bola Jual aer juga engga Kasi bintang 2 krna,lapangannya oke lah"
Knight Stadium,TiCKa CeRiWiS,5.0,(Translated by Google) My son takes basketball lessons here. Nice place. (Original) Anak saya les basket disini. Tempatnya bagus.
Knight Stadium,Qismi Samp,4.0,(Translated by Google) It's good but the outside looks like an abandoned building (Original) Bagus cuman bagian luarnya tampak seperti gedung terbengkalai üóø
Knight Stadium,pradana wicaksono,5.0,(Translated by Google) The stadium is near the office(Original)Stadium deket kantor nih
Knight Stadium,wasis mulato,5.0,"(Translated by Google) The location is strategic, unfortunately access was affected by the last Semarang flood, so it was a bit muddy (Original) Lokasinya strategis, sayangnya akses sempat terimbas banjir Semarang lalu, jadi agak becek"
Knight Stadium,Mirza Aqiel,5.0,"(Translated by Google) GOR KNIGHT rental 1 day 6.5 jetties (Original) Sewa GOR KNIGHT 1 hari 6,5 jeti"
Knight Stadium,hery roketman,5.0,(Translated by Google) The field is good(Original)Lapangan nya bagusb
Knight Stadium,SALSABILA IZZAIHA KHAIRUNNISA,5.0,(Translated by Google) Nice. Large. The building should be repainted so it is better (Original) Bagus. Luas. Bangunan seharusnya di cat ulang biar lebih bagus
Knight Stadium,maximillianevorius,5.0,"(Translated by Google) I want to ask, what is the rate for renting a basketball court per hour? (Original) Mau tanya, untuk harga sewa lapangan basket, perjamnya punya tarif berapa?"
Knight Stadium,Eka Hastuti,5.0,"(Translated by Google) The place is luxurious, clean, nice(Original)Tempatnya mewah bersih bagus"
Knight Stadium,Muhammad Iqbal Pratama,5.0,"(Translated by Google) Having been a supporter at this stadium, even though the place is hot and the stands are rather narrow but it's OK to add to the familiarity when ultrasound. Cheer up (Original) Pernah ikut mensupporter di stadium ini, walaupun tempatnya panas dan tribun agak sempit tapi okelah menambah keakraban saat meng-ultras. Semangatt"
Knight Stadium,Hadi Ismanto,4.0,(Translated by Google) Great for basketball(Original)Mantap untuk olah raga basket
Knight Stadium,Dwi Cahya,4.0,"(Translated by Google) with a rent of 150-175 per hour, he can play basketball on the playing field (Original) dengan sewa 150-175 per jam nya bisa main basket dg lapangan yg okee"
Knight Stadium,ADY,5.0,(Translated by Google) After additional renovation cihuy(Original)Setelah renov tambahan cihuy
Knight Stadium,Hessi Collins,3.0,(Translated by Google) The place is spacious but still needs maintenance to keep the building ok (Original) Tempatnya luas tetapi masih perlu perawatan agar gedung tetap ok
Knight Stadium,wiwik nurjayanti,4.0,"(Translated by Google) From the outside it looks like an old building but inside it's clean, trash cans are also available (Original) Dari luar kelihatan bangunan lama tapi di dalam bersih, tempat sampah juga tersedia"
Knight Stadium,Ahmad Ma'ruf Muttaqin Aminanto,3.0,"(Translated by Google) Panassss, the area is good, but it's because it's near the sea so it's hot (Original) Panassss, luas sip bagus cuman yaa itu krn dekat laut jadi panass"
Knight Stadium,White Horse,4.0,"(Translated by Google) It can fit 2000 people, perfect for battle supporters. (Original) Bisa muat 2000 orang, pas banget buat battle supporter."
Knight Stadium,Vivo Vivo,4.0,"(Translated by Google) Comfortable futsal court, cheap, cool, spacious parlor. (Original) Lapangan futsal yg nyaman, Murah, Adem, parlor luas."
Knight Stadium,jaluh wibowo,5.0,Mantaabbb
Knight Stadium,David Budiono,5.0,(Translated by Google) Basketball and futsal venues ... Ok the course (Original) Tempat olahraga basket dan futsal... Ok lapangannya
Knight Stadium,Nadia Nur Diana,1.0,(Translated by Google) Lots of helmet loss incidents! Take good care of your helmet. (Original) Banyak kejadian kehilangan helm! Jaga helm anda baik baik.
Knight Stadium,Arief Rahman Pratama,3.0,"(Translated by Google) The roof needs to be repaired, if the weather is leaking (Original) Atap perlu diperbaiki, klo huja bocor"
Knight Stadium,Astar Astar,4.0,(Translated by Google) Nice spacious but some sides need rejuvenation (Original) Luas bagus tapi beberapa sisi perlu peremajaan
Knight Stadium,Figit Anggoro Eka Saputra,5.0,(Translated by Google) nice and comfortable but lack of maintenance (Original) bagus dan nyaman tp kurang perawatan
Knight Stadium,Agato Gandhiadi,3.0,(Translated by Google) Basketball and futsal sports facilities are located on the bypass (Original) Sarana olahraga basket dan futsal berlokasi di bypass
Knight Stadium,Jonathan Febrianto,4.0,(Translated by Google) Futsal and basketball courts are quite okay (Original) Lapangan Futsal dan Basket yang cukup oke
Knight Stadium,Muel,2.0,(Translated by Google) Lack of waste disposal facilities (Original) Kurangnya fasilitas pembuangan sampah
Knight Stadium,Ahmadtransela Jenong,5.0,(Translated by Google) Very pleasant(Original)Sangat menyenang kan
Knight Stadium,Irfan Dy,5.0,(Translated by Google) Convenient for matches(Original)Nyaman buat tanding
Knight Stadium,amman naufal,3.0,(Translated by Google) Maintenance is not noticed by the manager (Original) Perawatan kurang diperhatikan pengelola
Knight Stadium,M Faisal,5.0,(Translated by Google) Please pay attention to the cleanliness of the toilet (Original) Kebersihan toilet dong perhatikan
Knight Stadium,Agus Widodo,4.0,(Translated by Google) Good thing ...(Original)Bagus tmptnya...
Knight Stadium,tri widiyatmoko,5.0,(Translated by Google) Comfortable OR place(Original)Tempat OR yg nyaman
Knight Stadium,Gala,3.0,(Translated by Google) The location of the prayer is minimal(Original)Lokasi sholatnya minim
Knight Stadium,ILHAM Fitra Goshaly,5.0,(Translated by Google) Good(Original)Bagus
Knight Stadium,Yoga W,4.0,"(Translated by Google) Big roadside, easy access (Original) Pinggir jalan besar, akses mudah"
Knight Stadium,Mayor Kes dr Dedi Purnomo Sp.M,2.0,(Translated by Google) Not well-maintained(Original)Kurang terawat
Knight Stadium,Dearren Alvado,4.0,(Translated by Google) The fry are good(Original)Gornya bagus
Knight Stadium,Yosua Daniel Bulan_Invicta Sipondra,5.0,(Translated by Google) Complete and spacious(Original)Lengkap dan luas
Knight Stadium,KHAN BOYS,5.0,(Translated by Google) Jooss standard field(Original)Jooss lapangan standart
Knight Stadium,Satria Yudha Wibisono,4.0,(Translated by Google) Pretty good(Original)Lumayan bagus
Knight Stadium,jendoltelulas adeniumduasatu,5.0,"(Translated by Google) Come on, exercise(Original)Ayo olah ragaaaaaa"
Knight Stadium,Mahardika Adhitya,5.0,(Translated by Google) A comfortable race venue(Original)Tempat lomba yang nyaman
Knight Stadium,Shindu Saksono,3.0,(Translated by Google) Needs building rejuvenation(Original)Perlu peremajaan gedung
Knight Stadium,Ibrahim Barqi,3.0,(Translated by Google) There are often events(Original)Sering ada event
Knight Stadium,Amalia Dwi Nur Cahyani,3.0,
Knight Stadium,Fumei Esport,4.0,
Knight Stadium,singo gedek ŸÖÿ≥ŸÑŸÖŸäŸÜ,5.0,
Knight Stadium,Chamdani Lukman Bachtiar,5.0,(Translated by Google) Jr. NBA event(Original)Acara Jr NBA
Knight Stadium,matiusandy,5.0,(Translated by Google) Good(Original)Bagus
Knight Stadium,Jhon 007,3.0,(Translated by Google) Reasonable(Original)Lumayan
Knight Stadium,Langit Nugroho,5.0,(Translated by Google) So much fun(Original)Seru banget
Knight Stadium,samuel trigandums,5.0,(Translated by Google) Run(Original)Juooss
Knight Stadium,Aviv Febrian,3.0,(Translated by Google) Copper...(Original)Rame...
Knight Stadium,Amos Kurniawan,5.0,(Translated by Google) If(Original)Jos
Knight Stadium,Ilham Yoda,5.0,goks
Knight Stadium,Saera Yuli,3.0,(Translated by Google) Pleasant(Original)Menyenangkan
Knight Stadium,Jae S8,5.0,(Translated by Google) Sports sports(Original)Olahraga olahraga
Knight Stadium,Yudha Galang,5.0,
Knight Stadium,Micel Swell,5.0,
Knight Stadium,devit prasetyo,2.0,
Knight Stadium,tavio fortino,5.0,
Knight Stadium,Aldo Kristianto,5.0,
Knight Stadium,Rinaldy ILS,4.0,
Knight Stadium,viky setiawan,5.0,
Knight Stadium,Rezki Soedibyo,4.0,
Knight Stadium,irfan adhi prasetyo,5.0,
Knight Stadium,Priscilla,4.0,
Knight Stadium,Edo Edowel,5.0,
Knight Stadium,Eko Mudigdo,5.0,
Knight Stadium,agung anggoro,5.0,
Knight Stadium,Ernandus Boedi,5.0,
Knight Stadium,Masbianto Subianto,3.0,
Knight Stadium,Eric Angga Saputra,5.0,
Knight Stadium,Carissa Nathaniela,3.0,
Knight Stadium,Finansius Lalaar,5.0,
Griya Stadion (Kost & Penginapan Low Budget),Ivan,4.0,"Rooms clean but need look old, tv was brokenRooms: 3/5 | Service: 3/5 | Location: 4/5 ‚Ä¶More"
Griya Stadion (Kost & Penginapan Low Budget),cis antono,2.0,"Not as good as the picture shown in traveloka. Its a shophouse (ruko) modified into a boarding house/hotel. AC was not cold, smell of cigarette smoke on the place. Not recommended for long stay especially if you brought children."
Griya Stadion (Kost & Penginapan Low Budget),Philia Gina,3.0,wifi and tv broken
Griya Stadion (Kost & Penginapan Low Budget),teddy46 Sandy,2.0,"problem with air conditioner, unclean"
Griya Stadion (Kost & Penginapan Low Budget),Dedy Indiarto,5.0,"Comfort, clean... Amazing place"
Griya Stadion (Kost & Penginapan Low Budget),albert susilo,2.0,Not good
Griya Stadion (Kost & Penginapan Low Budget),dhuniek indya,5.0,"3C : cheap, clean, comfotable"
Griya Stadion (Kost & Penginapan Low Budget),iwan pafroji,2.0,Bed place
Griya Stadion (Kost & Penginapan Low Budget),GURPREET SINGH,2.0,Low budget low quality
Griya Stadion (Kost & Penginapan Low Budget),edi baskoro,4.0,WORTH IT
Griya Stadion (Kost & Penginapan Low Budget),M Abil Arzaqi,5.0,Worth it
Griya Stadion (Kost & Penginapan Low Budget),Bayu Pradnyana,5.0,Nice
Griya Stadion (Kost & Penginapan Low Budget),abdul hamid Priharmoko,5.0,Good
Griya Stadion (Kost & Penginapan Low Budget),Abi Nugroho,4.0,nice
Griya Stadion (Kost & Penginapan Low Budget),Daniek Channel,3.0,Not remember
Griya Stadion (Kost & Penginapan Low Budget),intellegent canvasser,4.0,Recomended
Griya Stadion (Kost & Penginapan Low Budget),tantim _fr (p),5.0,Nice place
Griya Stadion (Kost & Penginapan Low Budget),latifa w Lestari,5.0,Nice place
Griya Stadion (Kost & Penginapan Low Budget),nannaa,4.0,Nice place
Griya Stadion (Kost & Penginapan Low Budget),ekha vedayana,4.0,Nice place
Griya Stadion (Kost & Penginapan Low Budget),Sri Handayani,2.0,"(Translated by Google) The parking area is spacious, the rooms are nice, strategic, but unfortunately the officers/guards are not polite, the tone is high, the first time I went there, I didn't check in, I already got undressed treatment, when checking out, you also have to call first, no one stays in the morning, you get a premium room but the bathroom needs to be repaired. All drains are clogged. Room for 2 guests but the facilities are only for 1 guest. Room light is also only 1 (Original) Tempat parkiran luas kamar bagus, strategis tapi sayang petugas/penjaganya kurang sopan nada bicaranya tinggi baru pertama ke sana belum chek in sudah dapat perlakuan tidak mengenakan , saat check out jg harus telfon dulu tidak ada yg stay di pagi hari, dapat kamar yg premium tp kamar mandi perlu diperbaiki . Saluran air mampet semua. Kamar 2 tamu tp fasilitas nya hanya buat 1 tamu. Lampu kamar jg hanya 1"
Griya Stadion (Kost & Penginapan Low Budget),Mochammad Yazid,3.0,"(Translated by Google) Advantages : 1. Spacious motorcycle car park 2. The hallway carpet smells good 3. There are refrigerator facilities, water heater on the 1st floor 4. There is a cupboard and study table 5. There is warm water 6. Get towels, soap and shampoo 7. The mattress is quite soft according to the price 8. Get 2 bottles of free water 9. When the weekend is fun, close to the weekend market, you can find food, clothes and children's toys Deficiency 1. If you get a 3rd floor room, it's better to ask the staff because the location is hidden 2. The rooms don't smell like hotel hallway carpets 3. Dimly lit hotel hallway 4. There is no shoe rack & mat in front of the toilet 5. No hangers in the wardrobe 6. There is only 1 power plug 7. The room is very hot because the air conditioner is not cold at all 8. The wifi doesn't arrive on the 3rd floor 9. Cable TV only has 1 channel 10. The staff is not responsive when asked for help. When we want to change shifts, we are told to ask the next officer for help That's all from me, hopefully it can be improved again. Thank you (Original) Kelebihan : 1. Parkiran mobil motor luas 2. Bau karpet lorongnya harum 3. Ada fasilitas kulkas, pemanas air dilantai 1 4. Ada lemari dan meja belajar 5. Ada air hangat 6. Mendapatkan handuk, sabun dan sampo 7. Kasur lumayan empuk lah sesuai harga 8. Mendapatkan free air 2 botol 9. Pas weekend seru dekat sama pasar weekend bisa cari makanan apa baju hingga mainan anak Kekurangan 1. Kalau yanh dapat kamar lantai 3, lebih baik minta antar petugasnya karena lokasinya tersembunyi 2. Kamar tidak harum seperti karpet lorong hotel 3. Lorong hotel remang2 4. Tidak ada rak sepatu & keset alas kaki di depan toilet 5. Tidak ada gantungan baju di lemari 6. Colokan listrik hanya ada 1 saja 7. Kamar panas banget karena AC gak dingin sama sekali 8. Wifinya gak nyampai di lantai 3 9. Tv kabelnya cuma ada 1 channel saja 10. Petugasnya nggak responsif kalau dimintai tolong. Kalau pas mau pergantian shift kitanya disnuruhminta tolong ke petugas berikutnya Sekian dari saya, semoga bisa bisa ditingkatkan kembali. Terima kasih"
Griya Stadion (Kost & Penginapan Low Budget),mochammad jarjit,3.0,"(Translated by Google) Location: very close to the Diponegoro stadium, only 5 minutes walk Facilities: there is a refrigerator, air conditioning, tv, hot shower, towels, soap and shampoo, wifi Price: get a price of 140 thousand, it's better to book online, because if you book, the difference is 20-30 thousand Advantages : 1. If it's the weekend, it's really good because there is a bazaar near the stadium so you can find food, clothes, children's toys, etc 2. The hotel hallway smells really good, if the room is not too fragrant 3. There are refrigerator & water heater facilities on the 1st floor for free 4. The parking lot is very wide, motorbikes can park 5. The bed is quite soft, isn't it? 6. There is a wardrobe & study table in the room 7. Free 2 bottles of water Deficiency : 1. Those who get the 3rd floor, beware of getting lost if you don't ask the staff for help because the place is hidden 2. AC is not cold at all 3. Cable TV only has 1 channel 4. There is only 1 electric plug 5. There are no hangers in the closet 6. The staff can't respond fast, if it's time to change shifts, they say they'll be sent to the next shift officer 7. In front of the toilet there is no mat, so after taking a shower, it's wet in front of the toilet Hopefully the shortcomings can be fixed. Thank you (Original) Lokasi : dekat banget sama stadion diponegoro jalan kaki cuma 5 menit Fasilitas : ada kulkas, ac, tv, kamar mandi air panas, handuk, sabun dan sampo, wifi Harga : dapat harga 140rb, lebih baik booking online saja, karena kalau booking ots selisih 20-30rb Kelebihan : 1. Kalau waktu weekend pas banget nih karena ada basar deket stadion jadi bisa mencari makanan, baju, mainan anak2 dll 2. Lorong hotelnya harum khas banget, kalau kamar nggak terlalu harum 3. Ada fasilitas kulkas & pemanas air dilantai 1 free 4. Parkiran luas banget mobil motor bisa parkir 5. Tempat tidur lumayan empuk lah ya 6. Ada lemari baju & meja belajar di kamar 7. Free air putih 2 botol Kekurangan : 1. Yang dapat lantai 3, awas kesasar kalau nggak minta bantuan petugasnya karena tempatnya tersembunyi 2. AC nggak dingin sama sekali 3. TV kabelnya cuma ada 1 channel saja 4. Colokan listrik cuma ada 1 saja 5. Tidak ada gantungan baju didalam lemarinya 6. Petugasnya nggak bisa fast respon bantu, kalau pas waktu pergantian shift katanya diauruh ke petugas shift berikutnya 7. Didepan toilet nggak dikasih keset, jadi abis mandi yah basah depan toilet Semoga kekurangannya bisa dibenahi. Terima kasih"
Griya Stadion (Kost & Penginapan Low Budget),Dimaz V Wardhana,4.0,"(Translated by Google) The shophouse concept room is partitioned but quite comfortable (there is air conditioning, mineral water in the room, and gallons of mineral water are provided on the 1st floor). Looking for easy culinary can walk or via gofood. Overall okay (Original) Kamar konsep ruko yang di partisi namun cukup nyaman (ada AC, air mineral didalam kamar, serta disediakan galon air mineral dilantai 1). Cari kuliner gampang bisa jalan kaki atau via gofood. Overall oke"
Griya Stadion (Kost & Penginapan Low Budget),Hendry Wibowo,5.0,"(Translated by Google) the location is just north of the diponegoro stadium. can order via traveloka. This is the most affordable inn around here. for simple facilities. klo for those who just stop by to sleep rest can be taken into consideration. there is tv, there is wifi, there is an indoor toilet, there is air conditioning too. (Original) lokasinya persis di utara stadion diponegoro. bisa pesen lewat traveloka. ini penginapan paling affordable di sekitaran sini. untuk fasilitas sederhana saja. klo untuk yang hanya mampir tidur istirahat bisa dijadikan pertimbangan. tv ada, wifi ada, toilet dalam, ac ada juga."
Griya Stadion (Kost & Penginapan Low Budget),Fuad Nasir,4.0,"(Translated by Google) The room is good enough, it&#39;s just that the shower water is small, and the bathroom door is broken. (Original) Kamarnya sdh cukup bagis, hanya saja air showernya kecil, dan pintu kamar mamdi rusak."
Griya Stadion (Kost & Penginapan Low Budget),Agus Siswanto,5.0,"(Translated by Google) Quite cheap and convenient. Easy access anywhere. For the bathroom it looks like it needs to be repaired. For the premium type, the water heater faucet can't and the shower faucet is broken. Overall ok, especially the employees are smiling (Original) Cukup murah dan nyaman. Akses kemana aja mudah. Untuk kamar mandi sepertinya perlu diperbaiki. Untuk tipe premium tapi keran water heater tidak bisa dan kran shower rusak. Overall ok, apalagi karyawannya murah senyum"
Griya Stadion (Kost & Penginapan Low Budget),Taufik Kifuat,1.0,"(Translated by Google) when I booked long ago via the booking.com application when I arrived at the location it was unilaterally canceled by the inn, he said ""we prioritize those who have paid directly on the spot"" yes, then there is no need to provide the option without a credit card in the booking application, please, I'm so far from outside the province that I'm confused about finding other lodging because this is a house, where can I not bring a vehicle (Original) masa saya sudah booking dari jauh hari lewat aplikasi booking.com pas tiba dilokasi dicancel secara sepihak oleh pihak penginapan, katanya ""kita memprioritas yg sudah bayar langsung ditempat"" ya kalau gitu ga usah menyediakan opsi tanpa kartu kredit di aplikasi booking dong, saya jauh2 dari luar provinsi sampai kebingungan cari penginapan lain gara2 ni griya, mana ga bawa kendaraan"
Griya Stadion (Kost & Penginapan Low Budget),TAUFIK HAFIRLANA,1.0,"(Translated by Google) unilaterally canceled, even though I booked & arrived at the location, it said ""we prioritize those who have arrived & paid first"" then there's no need to make the ""pay at check-in"" option on booking.com, where am I from out of town without a vehicle, It's night time looking for another hotel/inn is hard to ask for forgiveness. (Original) dicancel secara sepihak, padahal sudah booking & sampai di lokasi, katanya ""kami mendahulukan yg sudah datang & bayar duluan"" kalau gitu ya ga usah buat opsi ""bayar saat cek in"" di booking.com, mana saya dari luar kota ga ada kendaraan, udah malam cari hotel/penginapan lain susahnya minta ampun."
Griya Stadion (Kost & Penginapan Low Budget),Ikacare Purwodadi,4.0,"(Translated by Google) The location is good, going anywhere is easy, the place is comfortable, it's just that when you get a room the hot water doesn't come out üòÇ (Original) Lokasinya enak mau kemana mana gampang,nyaman tempatnya hanya saja pas dapet kamar yg air panasnya ga keluar üòÇ"
Griya Stadion (Kost & Penginapan Low Budget),bayu anggoro Sakti,5.0,"(Translated by Google) The location is very strategic, close to the Simpang Lima square, every week there is a Tiban market, the price is quite economical and the rooms are comfortable (Original) Lokasinya sangat strategis, dekat dengan alun2 simpang lima, tiap mnggu ada pasar tiban, harga cukup ekonomis dan kamar nyaman"
Griya Stadion (Kost & Penginapan Low Budget),Abdul Malik,5.0,"(Translated by Google) The atmosphere is OK, if you want to eat or snack, you just have to walk a bit, the staff is also friendly (Original) Suasana OK, mau makan atau jajan juga ada tinggal jalan sdikit, pegawainya juga ramah"
Griya Stadion (Kost & Penginapan Low Budget),Muhammad Arrasyid,4.0,(Translated by Google) Ample parking and reasonably priced. (Original) Parkir yang lumayan luas dan harga cukup terjangkau.
Griya Stadion (Kost & Penginapan Low Budget),Betty Kristianto,1.0,"(Translated by Google) It was an unpleasant experience here, I didn't stay here, I just wanted to drop my friend who wanted to stay here. My friend wants to move his things to his car which has been parked in front of the boarding house but his brother is having an appointment with the person in the next alley so he wants to take his car keys in the alley next door eh Ya Allah, he was kicked out, sadistic, the security guard there was really bad until I'm said to be a geek, China is rampant, etc. it's not that it's not good ""it's even angry"" while glaring at it and shouting ""racist too we said okay ""just want permission for a moment, just take the key and move the goods, it's finished, it's even more angry that it's said to get in the way I entered even though I had parked aside after all, for 1 minute no car/motorcycle wanted to enter üòÇ finally my friend wasn't in the mood to stay there well, just smile and let there be karma, sir (Original) Pengalaman tidak menyenangkan disinii, saya tidak menginap disini sih cuma saya sempat mau drop teman saya yg mau menginap disini. Teman saya mau pindah barang‚Äù nya ke mobil dia yang sudah diparkir didpn kos itu tapi kakak nya sedang ada janji dengan orang di gang sebelah jadi dia mau ambil kunci mobil nya di gang sebelah dulu eh YaAllahh diusir nyaa sadis amaat sama satpam disitu parah banget sampe saya dikatain cina pantek, cina merajalela, dllü§£ bukan nya ngmng baik‚Äù malah marah‚Äù sambil mata mendelik & teriak‚Äù rasiss pulaü§£ kita sudah bilang baik‚Äù mau ijin sebentar aja cm ambil kunci lalu pindah barang sudah selesaii malah tambah ngamuk dibilang ngalangin jalan masuk padahal saya sudah parkir minggirüôÑ toh ya 1 menit pun ngga ada mobil/ motor mau masuküòÇ akhirnya temen saya lgsng ga mood ga jadi nginep disituüòÑ yahh cukup disenyumin aja lahh biar ada karma nya sendiri yaaa paküëêüèª"
Griya Stadion (Kost & Penginapan Low Budget),Tito Budi,4.0,"(Translated by Google) It is suitable for backpackers who like to travel and do business for a while without worrying about draining your pocket, comfortable, strategic close to the city center of Semarang. (Original) Sangat cocok untuk para backpacker yg suka travelling & urusan bisnis sejenak tanpa khawatir menguras kantong, nyaman, stategis dekat dengan pusat kota Semarang."
Griya Stadion (Kost & Penginapan Low Budget),Insyaallah wanita sukses,3.0,"(Translated by Google) Superior rooms are priced at 160 thousand before the same VAT, same VAT for 190 thousand SAME SAME! have to deposit 100 thousand first when checking. deposit can be taken upon checkout. the room is on the 3rd floor, you have to walk up the stairs when the room is narrow, the air conditioner is cold, the water heater is on. Check it 1hr, the next day at 11 am I want to extend it turns out to be full. the room that I had actually booked, there was room 1 which was standard but had to book via the application. waiter for the front bag, asked for a wifi psswrd finally I checked out because it was complicated. ByE (Original) Kamar superior harga 160rb blm sama ppn, sama ppn jdi 190rb SAMA AJAAA! harus deposit 100rb dulu pas cekin. deposit bisa diambil pas cekout. kamar ada dilantai 3 harus jalan naik tangga wkwk kamar sempit, ac dingin, water heater nyala. Cekin 1hr, besoknya jam 11an mau perpanjang ternyata sudah full. kamar yang gw tmpati trnyata sudah dibook, ada kamar 1 yang standar tapi harus booking lewat aplikasi. pelayan bag depan, dimintai psswrd wifi kek tai. akhirnya gw cekout karna ribet. ByE"
Griya Stadion (Kost & Penginapan Low Budget),Pidho Journey,3.0,"(Translated by Google) disappointing, the building does look good but the rooms are very uncomfortable to use. the mattress is not soft with a bad that has collapsed down next to, dirty white bedspread many spots on the bed linen. the light switch is scary because it looks like it's going to come off, and it can be dangerous to cause electric shock. ac that does not taste cold, dirty towels there are yellow spots like rust, the bathroom cannot be locked because the door lock is broken. It's cheap, but at least pay attention to those little things. the bathroom key is also important. the mattress is more important right, the purpose of people staying so they can sleep comfortably. A tap that always drips even when it's closed tightly. (Original) mengecewakan, bangunan memang terlihat bagus tetapi kamarnya sangat kurang nyaman digunakan. kasur yang tidak empuk dengan bad yang sudah amblas ke bawah sebelah, sprei putih yang kotor banyak bercak di bagian sprei. saklar lampu yang menyeramkan karna terlihat seperti akan copot, dan berbahaya bisa menyebabkan tersetrum. ac yang tidak berasa dingin, handuk kotor terdapat bercak kuning seperti berkarat, kamar mandi yang tidak bisa di kunci karna kunci pintu yang rusak. memang murah, tapi setidaknya perhatikan lah hal hal kecil tersebut. kunci kamar mandi kan juga penting. kasur lebih penting lagi kan, tujuan orang menginap ya biar bisa nyaman tidur. keran yang selalu menetes meski sudah di tutup rapat."
Griya Stadion (Kost & Penginapan Low Budget),melisa putri,4.0,"(Translated by Google) For the size of the hotel the budget is quite cheap, just the price. En suite, AC, TV, cupboards, etc. This inn is also an exclusive boarding house. The staff is friendly and helpful, relaxing the people too. Several times I want to stay here, first the bathroom is clean, but the latest one is a bit less clean. Ever want to borrow an iron here, but it doesn't provide it. If you want to check in here it will be recorded whether you bring a vehicle or not, the parking is quite wide, I see. The wifi used to be okay, but the latest thing was the problem was yesterday and my cellphone can't be connected. But as long as there is a TV in the room, it is still safe, it feels like there is a friend. (Original) Untuk ukuran hotel budget cukup murah sih, pas lah harganya. Kamar mandi dalam, ac, tv, lemari, dll. Penginapan ini juga jadi kost eksklusif juga. Staff nya ramah dan helpfull, nyantai juga orangnya. Beberapa kali nginep di sini, dulu sih kamar mandi nya bersih, tp yang terbaru agak kurang bersih. Pernah mau pinjem setrika di sini, tapi ga nyediain. Kalau mau check in di sini akan didata apakah kita bawa kendaraan atau ga, parkirnya cukup luas sih kulihat. Wifi yang dulu oke, tapi yang terbaru kemarin wifinya bermasalah dan hp ku ga bisa terkoneksi. Tapi selama ada tv di kamar, masih aman lah ya berasa ada teman."
Griya Stadion (Kost & Penginapan Low Budget),nabila anisya,5.0,"(Translated by Google) Griya stadium is very strategically located because it is in the middle of the city. Can check in at midnight. for deluxe rooms, the facilities are double bad, private bathroom with warm water, toileters, bathrobes, desk, tv, wardrobe, ac and provided 2 bottles of drinking water that can be refilled. There is also a dispenser and fridge downstairs. The waiter was very friendly. Can go food too. The bathroom and room are clean, fragrant. Close to the intersection of five, Lawang Sewu, Tawang station. Anyway, it's recommended and you won't regret staying here (Original) Griya stadion ini lokasinya sangat strategis karena berada di tengah kota. Bisa check in tengah malam. untuk kamar yang deluxe fasilitas nya adalah double bad, kamar mandi dalam dengan air hangat, toileters, bathrobes, desk, tv, lemari, ac dan disediakan air minum 2 botol yg bs diisi ulang. Tersedia juga dispenser dan lemari es di lantai bawah. Pelayan nya ramah banget. Bisa gofood juga. Kamar mandi dan kamarnya bersih, wangi. Dekat dengan simpang lima, Lawang Sewu, stasiun Tawang. Pokoknya recommended deh dan gk bakalan nyesel klo nginep disini"
Griya Stadion (Kost & Penginapan Low Budget),salsabiela dwiyudrisa suyudi,4.0,"(Translated by Google) For those who want to find affordable lodging, this can be an option. There is warm water for bathing, wifi, transvision television channels, the distance from the inn to the intersection of five is not too far away. It's just not sda warung / mini market around the house so to eat & drink it's better to buy before going to the house (Original) Untuk yg mau cari penginapan dgn harga terjangkau ini bisa banget jadi opsi. Ada Air hangat untuk mandi, wifi, saluran televisi transvision, jarak dari penginapan ke simpang lima tidak terlalu jauh. Hanya tidak sda warung / mini market di sekitar griya jadi untuk makan & minum lebih baik dibeli sebelum ke griya"
Griya Stadion (Kost & Penginapan Low Budget),hantu slm (cakto),5.0,(Translated by Google) the atmosphere is calm..looks tranquil..easy location within reach..in the middle of the cityüèÜüëç (Original) swasana lingkungan tenang..tampak trantparan..lokasi mudah di jangko..di tengah kotaüèÜüëç
Griya Stadion (Kost & Penginapan Low Budget),Lutfi Abid,3.0,"(Translated by Google) The rooms are quite clean, the air conditioning is very satisfying, the service is sufficient, when I stay the bed is quite dirty but has not been replaced, does not provide hotel slippers, the place is quite strategic even though when it rains in front of the hotel the flood is deep enough. (Original) Kamar cukup bersih, AC sangat memuaskan, pelayanan sudah cukup, ketika saya menginap kasur sudah cukup kotor tetapi belum diganti, tidak menyediakan sandal hotel, tempat cukup strategis walaupun ketika hujan deras di depan hotel banjir cukup dalam."
Griya Stadion (Kost & Penginapan Low Budget),Regina Kroesdiyantika W.,4.0,"(Translated by Google) The location is strategic. Close to town. Waiter yaa.. not bad. I don't know if it's because of the lack of employees, when I returned to the hotel at around 10:00 WIB, the motorbike garage was closed (not meeting) and there were no employees on standby. In the end, I opened my own garage. Self service The lighting is also very minimal. In the motorcycle garage, only a small emergency light is provided. But yeah.. not bad. (Original) Lokasinya strategis. Dekat dengan kota. Pelayannya yaaa.. lumayan lah. Ngga tau apakah karena kurang pegawai, ketika saya kembali ke hotel sekitar pukul 10.00 WIB, garasi motor sudah di tutup (tidak rapat) dan tidak ada pegawai yg standby. Akhirnya saya yang membuka garasi sendiri. Self service üòÖ Pencahayaan juga sangat mini. Di garasi motor hanya di sediakan lampu emergency yg kecil. Tapi yaaa.. not bad lah."
Griya Stadion (Kost & Penginapan Low Budget),Fourmedia,4.0,"(Translated by Google) There is still one group with a H47 stopover, which happens to be the Griya of the stadium owned by his brother. The concept is in the form of partitioned shophouses. Enough room space. Cleanliness is maintained. AC is not cold enough, it is serviced by the hotel. The weakness in my opinion is that if we stay on the 3rd floor, then I have to go up the stairs which is quite tiring. (Original) Masih 1 group dengan rumah singgah H47, yang kebetulan Griya stadion ini dimiliki oleh kakaknya. Konsepnya berbentuk ruko yang dipartisi. Luas ruangan kamar cukup. Kebersihan terjaga. AC kurang dingin lgs diservice oleh pihak hotel. Kelemahannya menurut saya jika kita inap di lt 3, maka kudu naik tangga yang cukup melelahkan."
Griya Stadion (Kost & Penginapan Low Budget),boombayah blackpink,3.0,"(Translated by Google) For heavy smokers like me, this inn is not suitable, because in the area in the hotel it is not allowed to smoke. But the over all facility is ok ... (Original) Buat perokok berat spt saya,penginapan ini kurang cocok,krn di area dlm hotel tdk boleh merokok. Tp fasilitas over all ok lah.."
Griya Stadion (Kost & Penginapan Low Budget),fandi ahmad,5.0,"(Translated by Google) The room is comfortable, clean cm outside the room area how come it's messy, cook towels are everywhere. (Original) Kamarnya nyaman, bersih cm di luar area kamar kok kaya berantakan ya, masak handuk ada di sembarang tempat."
Griya Stadion (Kost & Penginapan Low Budget),Fina Novita,1.0,"(Translated by Google) The blanket smells musty. Book a room ahead of time because it is a parental guest but when you get there the room has been given by someone else even though before the message has been confirmed when the room is available. In fact, I was asked to add 50 thousand or want to cancel it, even though the guest position has arrived and waited a long time. Unprofessional. This is the 2nd incident (Original) Selimut bau apek. Pesan kamar depan jauh hari krn tamu orang tua tetapi sesampainya disana kamar sdh dikasih org lain padahal sebelum pesan sdh konfirmasi dl kl kamar ada. Malah sy diminta tambah 50rb atau mau dicancel aja, padahal posisi tamu sdh datang dan menunggu lama. Tidak profesional. Ini kejadian ke 2"
Griya Stadion (Kost & Penginapan Low Budget),herdana dwi kumbang,1.0,(Translated by Google) The place is good..the bathroom..the mattress..the wallpaper is ok..i think the room is spacious.after arriving there g in accordance with the one in the photo and also the wall skating from thick plywood.the hotel is suitable for boarding. day. really very disappointed (Original) Tempatnya bagus.kamar mandi.kasur.lemari oke.saya pikir kamar luas.setelah tiba di sana g sesuai dengan yg di foto.dan juga dindingnya skat dari triplek tebal.hotel itu cocok hnya untuk kos.dari strtegi jga kurang bagus.apalagi malam hari.sungguh sangat kecewa
Griya Stadion (Kost & Penginapan Low Budget),Aprilia Devi Antika,5.0,(Translated by Google) The location is very strategic because it is in the middle of the city. For a very affordable price with the services provided. The rooms are very spacious. Convenience OK üëç (Original) Lokasi sangat strategis karena berada ditengah kota. Untuk harga sangat terjangkau dengan pelayanan yang diberikan. Kamar sangat luas. Kenyamanan OK üëç
Griya Stadion (Kost & Penginapan Low Budget),arda demit,1.0,"(Translated by Google) That security guard has to be fired, it's not very polite (Original) itu satpamny harus pecat tuh ndak sopan banget"
Griya Stadion (Kost & Penginapan Low Budget),Eko Prasetyo,5.0,"(Translated by Google) for those who are bothered looking for a boarding house, the place is clean, safe and affordable, for easy vehicle access, not far from the Semarang city square, Simpang Lima, recommended (Original) untuk yang repot mencari kosant disini tempatnya bersih aman dan terjangkau, untuk akses kendaraan mudah, tidak jauh dr alun2 kota semarang simpang lima, recomended"
Griya Stadion (Kost & Penginapan Low Budget),Edan Fajar,3.0,(Translated by Google) The parking lot is narrow(Original)Tempat parkirnya sempit
Griya Stadion (Kost & Penginapan Low Budget),susilatul indahwati,5.0,"(Translated by Google) Unfortunately the gag got a towel if it was standard, the place was pretty good, but the air conditioner was fixed on the standard the wind was strange, the coldness of the cold was cold, not so much like that (Original) Sayangnya gag dapet handuk kalau yang standart, tempat enak sieh, tapi ac nyq yqng di standart anginnya tuuh aneh, kek dinginnya dingin angin, bukan semriwing kek ac gitu"
Griya Stadion (Kost & Penginapan Low Budget),Oktavian Saparino Hartono,5.0,"(Translated by Google) Griya Stadion is an inn strategically located in the city of Semarang, offering close access to entertainment venues and offices. A modern, comfortable, professional and well-managed accommodation equipped with various facilities that make your stay unforgettable, suitable for those of you who want to do business and vacation with family or friends. (Original) Griya Stadion sebuah penginapan dengan letak strategis di kota Semarang, menawarkan akses dekat ke tempat hiburan dan perkantoran. Penginapan yang modern, nyaman, professional dan dikelola dengan baik dilengkapi dengan fasilitas beragam yang membuat masa menginap anda tidak terlupakan, cocok bagi Anda yang ingin berbisnis dan berlibur bersama keluarga atau teman."
Griya Stadion (Kost & Penginapan Low Budget),Rr. RETNO DIYAH SUPROBOWATI,5.0,"(Translated by Google) Good, friendly service, only in the room, there is no window, so I don't know what morning it is or not ... Btw all good enough (Original) Bagus pelayanannya ramah nyaman cuman di kamar gak ada jendela jadi gak tau pagi siang apa malem .... Btw all good enough"
Griya Stadion (Kost & Penginapan Low Budget),ikaa widodo,3.0,"(Translated by Google) The room is clean, there is a car park but the bulkhead between the rooms is using plywood but it is thick but it really is for a transit hotelüëå (Original) Kamar bersih, ada parkir mobil nya tapi sekat antar kamar pakai triplek tapi tebal tapi mayan sih buat hotel transitüëå"
Griya Stadion (Kost & Penginapan Low Budget),Imam Nuryanto,4.0,"(Translated by Google) The division of the room is chaotic and confusing. For that price range, the facilities should have been better. (Original) Pembagian ruangannya semrawut dan mbingungi. Untuk range harga segitu, seharusnya fasilitas bisa lebih baik."
Griya Stadion (Kost & Penginapan Low Budget),Muji Santoso,2.0,(Translated by Google) The location is not wide enough to impress only for resting and looking for entertainment and cool air to be outside of other locations (Original) Lokasi kurang luas jd terkesan hanya dtg utk istirahat sj dan mencari hiburan dan hawa sejuk menjadi diluar lokasi lain
Griya Stadion (Kost & Penginapan Low Budget),Ika Rosmawati,3.0,"(Translated by Google) If it's just to sleep well, a building like a shop, Kos2an Model Room, Up Stairs to the 3rd floor, Friendly but less Professional Service (Original) Kalo cuma buat tidur lumayanlah, gedung seperti ruko, Kamar Model Kos2an, Naik Tangga utk ke lt.3, Pelayanan Ramah tapi kurang Profesional"
Griya Stadion (Kost & Penginapan Low Budget),kita hudef,3.0,"(Translated by Google) The rooms are clean, the inter-room layout is confusing because there are many branches (Original) Kamar nya bersih, tata letak antar kamar membingungkan karena banyak cabang tangga"
Griya Stadion (Kost & Penginapan Low Budget),Bebek Balap Cepoko,5.0,"(Translated by Google) The service is okay .... boking solutions are provided via Traveloka is cheaper, WiFi is smooth (Original) Pelayanan oke....dikasi solusi boking lewat Traveloka lbh murah,WiFi lancar"
Griya Stadion (Kost & Penginapan Low Budget),Bahar Wibowo,5.0,"(Translated by Google) The location is easily accessible by vehicle, is accessed by a busy road so that many passing visitors make it unintentional to stop by.. suitable for families.. (Original) Lokasi yang mudah diakses oleh kendaraan, berada diakses jalan yang ramai sehingga banyak pengunjung yang lewat menjadikan tidak disengaja mampir.. cocok untuk keluarga.."
Griya Stadion (Kost & Penginapan Low Budget),Fransisca Yohanna,4.0,"(Translated by Google) Overnight stay for work. Comfortable and clean, only the signpost that is not too visible from the road makes it difficult to find. (Original) Menginap semalam untuk keperluan pekerjaan. Nyaman dan bersih, hanya plang nama yang tidak terlalu terlihat dari jalan menyulitkan dalam mencari."
Griya Stadion (Kost & Penginapan Low Budget),Sunarsi Sunarsi,4.0,"(Translated by Google) Good, clean, quiet, and friendly service. The place is according to the expectations stated on the booking account (Original) Bagus, bersih, tenang, dan pelayanannya ramah. Tempatnya sesuai ekspektasi yang tertera pada akun pemesanan"
Griya Stadion (Kost & Penginapan Low Budget),Arsandy Brian,5.0,"(Translated by Google) Mantep is worth the price, cheap nuance but classy hotel, suitable for backpackers (Original) Mantep lah worthed sesuai harganya, murah nuansa kos tapi sekelas hotel, cocok buat backpacker"
Griya Stadion (Kost & Penginapan Low Budget),Dewi Krisna,4.0,"(Translated by Google) The layout in the city center, affordable budget, facilities lengkap..bisa daily kos Friendly service, CCTV equipped parking is safe. (Original) Letak di tengah kota, budget terjangkau, fasilitas lengkap..bisa kos harian Pelayanan ramah,parkir dilengkapi cctv jadi aman."
Griya Stadion (Kost & Penginapan Low Budget),Agus Bowo,4.0,"(Translated by Google) Clean rooms, friendly service, easy strategic place to reach any vehicle, friendly prices ... (Original) Kamar bersih, pelayanan ramah, tempat strategis mudah d jangkau kendaraan apapun,harga besahabat..."
Griya Stadion (Kost & Penginapan Low Budget),Anto Rahman,3.0,(Translated by Google) The inn is quite clean and cheap Rp. 250rb. Only the outside is rather noisy (Original) Penginapannya cukup bersih dan murah Rp. 250rb. Cuma di luarnya agak bising
Griya Stadion (Kost & Penginapan Low Budget),Luthfi Syakir,4.0,(Translated by Google) Suitable for backpackers who are looking for low budget lodging with comfortable rooms. And close to the city center. (Original) Cocok buat para backpacker yg mencari penginapan low budget dengan kamar nyaman. Serta dekat dari pusat kota.
Griya Stadion (Kost & Penginapan Low Budget),Novran Zulkifli,5.0,(Translated by Google) Good for budget pressing.. Only the hot water is rare (Original) Bagus untuk budget ngepress.. Air panasnya aja yg jarang ada
Griya Stadion (Kost & Penginapan Low Budget),Nabilla Khudori,3.0,"(Translated by Google) Small room, no tea & sugar. The bathroom is pretty clean. It's more suitable for boarding. (Original) Kamar kecil, tidak ada teh & gula. Kamar mandi lumayan bersih. Memang lebih cocok untuk kost."
Griya Stadion (Kost & Penginapan Low Budget),Anis Wahyuni,1.0,"(Translated by Google) The room is not impermeable.. the next door neighbor, the next neighbor **** can be heard, the window can&#39;t be opened. (Original) Ruang gak kedap.. tetangga sebelah, tetangga depan lagi **** kedengeran, jendela gabisa dibuka."
Griya Stadion (Kost & Penginapan Low Budget),Bernad Masengi,5.0,(Translated by Google) Cheap and good lodging .. friendly and nice inn staff .. lots of room type choices .. (Original) Penginapan yang murah dan bagus.. staff penginapan yang ramah dan baik.. banyak pilihan tipe kamar..
Griya Stadion (Kost & Penginapan Low Budget),Rizky,4.0,(Translated by Google) pretty good(Original)lumayan bagusRooms: 4/5 | Service: 5/5 | Location: 4/5 ‚Ä¶More
Griya Stadion (Kost & Penginapan Low Budget),Amy Afwany,5.0,(Translated by Google) Quite comfortable... Quiet situation.... Suitable for calming the mind (Original) Lumayan nyaman... Situasi tenang.... Cocok buat nenangin pikiran
Griya Stadion (Kost & Penginapan Low Budget),Ario Ramadhan,4.0,"(Translated by Google) The place is very strategic, the price is quite cheap, the place is comfortable, but the air conditioner is less cold (Original) Tempat sangat strategis, harga lumayan murah, tempat nyaman, tapi AC kurang dingin"
Griya Stadion (Kost & Penginapan Low Budget),Abdullah Moejib,5.0,"(Translated by Google) Comfortable, the view is good, on the hill, there is parking... (Original) Nyaman, view-nya bagus, di atas bukit, ada parkiran..."
Griya Stadion (Kost & Penginapan Low Budget),Riska Neez,4.0,"(Translated by Google) Cheap lodging is clean, but it's a bit far if you want to eat (Original) Penginapan murah n bersih, tp agak jauh kalo mau kulineran"
Griya Stadion (Kost & Penginapan Low Budget),Gunawan,4.0,(Translated by Google) The place is clean and suitable for backpackers with friendly prices in the bag. (Original) Tempat yg bersih dan cocok untuk backpacker dengan harga yg ramah di kantong.
Griya Stadion (Kost & Penginapan Low Budget),dani rahmadani,1.0,(Translated by Google) The receptionist is not at the place and has to wait even though we want to take a break (Original) Reseptionis ga ad d tempat dan harus nunggu padahal kita mau cepet2 istirahat
Griya Stadion (Kost & Penginapan Low Budget),Caesar Adam Maulana,3.0,"(Translated by Google) Hotels and exclusive boarding together. The room is not impermeable, the parking lot is less (Original) Hotel dan kost eksklusif jadi satu. Kamar tidak kedap, parkiran kurang"
Griya Stadion (Kost & Penginapan Low Budget),Diana Putry,3.0,(Translated by Google) Not bad for a short break before continuing the journey (Original) Lumayan untuk beristirahat sejenak sebelum melanjutkan perjalanan
Griya Stadion (Kost & Penginapan Low Budget),sofan dianto,4.0,"(Translated by Google) nice place, spacious parking. suitable for backpackers (Original) tempat nya enak,parkir luas. cocok buat backpackers"
Griya Stadion (Kost & Penginapan Low Budget),Muhammad Afrudin,5.0,(Translated by Google) Thank you stadium(Original)Terimakasih griya stadionRooms: 5/5 | Service: 5/5 | Location: 5/5 ‚Ä¶More
Griya Stadion (Kost & Penginapan Low Budget),Muhamad Habibi,5.0,(Translated by Google) Cheap and friendly service..helpful hotel staff...recommended for backapcker (Original) Murah dan pelayanan ramah..staff hotel helpfull...recommendedfor backapcker
Griya Stadion (Kost & Penginapan Low Budget),maulana widyatama,2.0,"(Translated by Google) The air conditioner is not cold, and the heater doesn't turn on but overall the room is comfortable (Original) ACnya tidak dingin, dan heaternya ga nyala tapi overall kamarnya nyaman"
Griya Stadion (Kost & Penginapan Low Budget),2wheel. Adventure,3.0,"(Translated by Google) Quite comfortable for backpackers, rates are also relatively cheap (Original) Cukup nyamam buat backpacker, tarif juga relatif murah"
Griya Stadion (Kost & Penginapan Low Budget),Naris wara,5.0,"(Translated by Google) Friendly service, nice place Not far from town (Original) Pelayanan ramah, enak tempat nya Tidak jauh dari kota"
Griya Stadion (Kost & Penginapan Low Budget),BASHEBA 2020,3.0,"(Translated by Google) Not bad, the room(Original)Lumayan kamarnya"
Griya Stadion (Kost & Penginapan Low Budget),setyo puji,5.0,"(Translated by Google) A comfortable place to rest and spend the night, (Original) Tempat yg nyaman utk istirahat dan bermalam,"
Griya Stadion (Kost & Penginapan Low Budget),Rieka 2606,4.0,(Translated by Google) Cheap lodging but clean and comfortable (Original) Penginapan murah tp bersih n nyaman
Griya Stadion (Kost & Penginapan Low Budget),Piet Tarto,5.0,(Translated by Google) better to pay expensive a little at the stadium stadium is very unsatisfactory ... very not recommended. (Original) lebih baik bayar mahal sedikit dr pada di griya stadion sangat tidak memuaskan...sangat tidak di rekomen .
Griya Stadion (Kost & Penginapan Low Budget),suherman herman,3.0,(Translated by Google) It's easy to find the location and in the morning there are many choices for breakfast (Original) Gampang di cari lokasinya dan kalau pagi banyak tempat pilihan buat sarapan pagi
Griya Stadion (Kost & Penginapan Low Budget),Supri Supri,5.0,"(Translated by Google) Clean, quiet, nice to rest with family (Original) Bersih tenang enak untuk istirahat bersama keluarga"
Griya Stadion (Kost & Penginapan Low Budget),Ina Hafilda Rosfebuanita,5.0,(Translated by Google) The place is comfortable. strategic. Cheap again. Ô∏è (Original) Tempatnya nyaman enak . Strategis . Murah lagi . ü§ó
Griya Stadion (Kost & Penginapan Low Budget),Nufi Paw,4.0,"(Translated by Google) The hallway leads to a maze-like room. If you don't, get lost. (Original) Lorong menuju kamar seperti labirin. Kalo gak ngapalin, tersesat."
Griya Stadion (Kost & Penginapan Low Budget),Kenny Sinuraya,2.0,"(Translated by Google) Rusty water tap, musty-smelling rooms, smelly bathroom, hot lobby (Original) Keran air berkarat, kamar bau apek, kamar mandi bau, lobby panas"
Griya Stadion (Kost & Penginapan Low Budget),Nahdlia Aula,5.0,"(Translated by Google) Comfortable place. . . Affordable, clean prices (Original) Tempat nyaman. . . Harg terjangkau, bersih"
Griya Stadion (Kost & Penginapan Low Budget),Daniel Sunardi,5.0,"(Translated by Google) Nice place, but unfortunately the car park is narrow (Original) Enak tempatnya, tapi sayang parkir mobil sempit"
Griya Stadion (Kost & Penginapan Low Budget),Nicko Cahya,3.0,(Translated by Google) The price is okay but the smell of the room is less okay as it is rarely occupied (Original) Harga oke tapi bau kamar kurang oke seperti jarang di tempati
